-- phpMyAdmin SQL Dump
-- version 4.9.5deb1
-- https://www.phpmyadmin.net/
--
-- Máy chủ: localhost:3306
-- Thời gian đã tạo: Th4 08, 2020 lúc 11:09 PM
-- Phiên bản máy phục vụ: 8.0.19-0ubuntu0.19.10.3
-- Phiên bản PHP: 7.3.11-0ubuntu0.19.10.3

SET SQL_MODE = "NO_AUTO_VALUE_ON_ZERO";
SET AUTOCOMMIT = 0;
START TRANSACTION;
SET time_zone = "+00:00";


/*!40101 SET @OLD_CHARACTER_SET_CLIENT=@@CHARACTER_SET_CLIENT */;
/*!40101 SET @OLD_CHARACTER_SET_RESULTS=@@CHARACTER_SET_RESULTS */;
/*!40101 SET @OLD_COLLATION_CONNECTION=@@COLLATION_CONNECTION */;
/*!40101 SET NAMES utf8mb4 */;

--
-- Cơ sở dữ liệu: `FW`
--

-- --------------------------------------------------------

--
-- Cấu trúc bảng cho bảng `categories`
--

CREATE TABLE `categories` (
  `id` bigint UNSIGNED NOT NULL,
  `parent_id` bigint DEFAULT NULL,
  `name` varchar(255) COLLATE utf8mb4_unicode_ci DEFAULT NULL,
  `description` varchar(255) COLLATE utf8mb4_unicode_ci DEFAULT NULL,
  `created_at` timestamp NULL DEFAULT NULL,
  `updated_at` timestamp NULL DEFAULT NULL
) ENGINE=InnoDB DEFAULT CHARSET=utf8mb4 COLLATE=utf8mb4_unicode_ci;

--
-- Đang đổ dữ liệu cho bảng `categories`
--

INSERT INTO `categories` (`id`, `parent_id`, `name`, `description`, `created_at`, `updated_at`) VALUES
(1, 0, 'Men', 'Category ', '2020-04-03 11:36:25', '2020-04-03 11:36:25'),
(2, 0, 'Women', 'Category ', '2020-04-03 11:36:25', '2020-04-03 11:36:25'),
(3, 0, 'Kids', 'Category ', '2020-04-03 11:36:25', '2020-04-03 11:36:25'),
(4, 0, 'Pages ', 'Category ', '2020-04-03 11:36:25', '2020-04-03 11:36:25'),
(5, 0, 'Blog ', 'Category ', '2020-04-03 11:36:25', '2020-04-03 11:36:25'),
(6, 0, 'Contact ', 'Category ', '2020-04-03 11:36:25', '2020-04-03 11:36:25'),
(7, 1, 'Clothing ', 'Category ', '2020-04-03 11:36:25', '2020-04-03 11:36:25'),
(8, 1, 'Jewellery', 'Category ', '2020-04-03 11:36:25', '2020-04-03 11:36:25'),
(9, 1, 'Shoes', 'Category ', '2020-04-03 11:36:25', '2020-04-03 11:36:25'),
(10, 1, 'Eyewear', 'Category ', '2020-04-03 11:36:25', '2020-04-03 11:36:25'),
(11, 1, 'Watches', 'Category ', '2020-04-03 11:36:25', '2020-04-03 11:36:25'),
(12, 1, 'Accessories', 'Category ', '2020-04-03 11:36:25', '2020-04-03 11:36:25'),
(13, 2, 'Clothing ', 'Category ', '2020-04-03 11:36:25', '2020-04-03 11:36:25'),
(14, 2, 'Jewellery', 'Category ', '2020-04-03 11:36:25', '2020-04-03 11:36:25'),
(15, 2, 'Shoes', 'Category ', '2020-04-03 11:36:25', '2020-04-03 11:36:25'),
(16, 2, 'Eyewear', 'Category ', '2020-04-03 11:36:25', '2020-04-03 11:36:25'),
(17, 2, 'Watches', 'Category ', '2020-04-03 11:36:25', '2020-04-03 11:36:25'),
(18, 2, 'Accessories', 'Category ', '2020-04-03 11:36:25', '2020-04-03 11:36:25'),
(19, 3, 'Clothing ', 'Category ', '2020-04-03 11:36:25', '2020-04-03 11:36:25'),
(20, 3, 'Jewellery', 'Category ', '2020-04-03 11:36:25', '2020-04-03 11:36:25'),
(21, 3, 'Shoes', 'Category ', '2020-04-03 11:36:26', '2020-04-03 11:36:26'),
(22, 3, 'Eyewear', 'Category ', '2020-04-03 11:36:26', '2020-04-03 11:36:26'),
(23, 3, 'Watches', 'Category ', '2020-04-03 11:36:26', '2020-04-03 11:36:26'),
(24, 3, 'Accessories', 'Category ', '2020-04-03 11:36:26', '2020-04-03 11:36:26');

-- --------------------------------------------------------

--
-- Cấu trúc bảng cho bảng `colors`
--

CREATE TABLE `colors` (
  `id` bigint UNSIGNED NOT NULL,
  `name` varchar(255) COLLATE utf8mb4_unicode_ci DEFAULT NULL,
  `color` varchar(255) COLLATE utf8mb4_unicode_ci DEFAULT NULL,
  `created_at` timestamp NULL DEFAULT NULL,
  `updated_at` timestamp NULL DEFAULT NULL
) ENGINE=InnoDB DEFAULT CHARSET=utf8mb4 COLLATE=utf8mb4_unicode_ci;

--
-- Đang đổ dữ liệu cho bảng `colors`
--

INSERT INTO `colors` (`id`, `name`, `color`, `created_at`, `updated_at`) VALUES
(1, 'Red', 'color_red', '2020-04-03 12:22:13', '2020-04-03 12:22:13'),
(2, 'Yellow', 'color_yellow', '2020-04-03 12:22:13', '2020-04-03 12:22:13'),
(3, 'Green', 'color_green', '2020-04-03 12:22:13', '2020-04-03 12:22:13'),
(4, 'Blue', 'color_blue', '2020-04-03 12:22:13', '2020-04-03 12:22:13'),
(5, 'White', 'color_white', '2020-04-03 12:22:13', '2020-04-03 12:22:13'),
(6, 'Black', 'color_black', '2020-04-03 12:22:13', '2020-04-03 12:22:13');

-- --------------------------------------------------------

--
-- Cấu trúc bảng cho bảng `color_product`
--

CREATE TABLE `color_product` (
  `id` bigint UNSIGNED NOT NULL,
  `product_id` bigint DEFAULT NULL,
  `color_id` bigint DEFAULT NULL,
  `created_at` timestamp NULL DEFAULT NULL,
  `updated_at` timestamp NULL DEFAULT NULL
) ENGINE=InnoDB DEFAULT CHARSET=utf8mb4 COLLATE=utf8mb4_unicode_ci;

--
-- Đang đổ dữ liệu cho bảng `color_product`
--

INSERT INTO `color_product` (`id`, `product_id`, `color_id`, `created_at`, `updated_at`) VALUES
(1, 1, 1, '2020-04-03 12:31:29', '2020-04-03 12:31:29'),
(2, 1, 2, '2020-04-03 12:31:29', '2020-04-03 12:31:29'),
(3, 1, 3, '2020-04-03 12:31:29', '2020-04-03 12:31:29'),
(4, 1, 4, '2020-04-03 12:31:29', '2020-04-03 12:31:29'),
(5, 1, 5, '2020-04-03 12:31:29', '2020-04-03 12:31:29'),
(6, 1, 6, '2020-04-03 12:31:29', '2020-04-03 12:31:29'),
(7, 2, 1, '2020-04-03 12:31:29', '2020-04-03 12:31:29'),
(8, 2, 2, '2020-04-03 12:31:29', '2020-04-03 12:31:29'),
(9, 2, 3, '2020-04-03 12:31:29', '2020-04-03 12:31:29'),
(10, 2, 4, '2020-04-03 12:31:29', '2020-04-03 12:31:29'),
(11, 2, 5, '2020-04-03 12:31:29', '2020-04-03 12:31:29'),
(12, 2, 6, '2020-04-03 12:31:29', '2020-04-03 12:31:29'),
(13, 3, 1, '2020-04-03 12:31:29', '2020-04-03 12:31:29'),
(14, 3, 2, '2020-04-03 12:31:29', '2020-04-03 12:31:29'),
(15, 3, 3, '2020-04-03 12:31:29', '2020-04-03 12:31:29'),
(16, 3, 4, '2020-04-03 12:31:29', '2020-04-03 12:31:29'),
(17, 3, 5, '2020-04-03 12:31:29', '2020-04-03 12:31:29'),
(18, 3, 6, '2020-04-03 12:31:29', '2020-04-03 12:31:29'),
(19, 4, 1, '2020-04-03 12:31:29', '2020-04-03 12:31:29'),
(20, 4, 2, '2020-04-03 12:31:29', '2020-04-03 12:31:29'),
(21, 4, 3, '2020-04-03 12:31:29', '2020-04-03 12:31:29'),
(22, 4, 4, '2020-04-03 12:31:29', '2020-04-03 12:31:29'),
(23, 4, 5, '2020-04-03 12:31:29', '2020-04-03 12:31:29'),
(24, 4, 6, '2020-04-03 12:31:29', '2020-04-03 12:31:29'),
(25, 5, 1, '2020-04-03 12:31:29', '2020-04-03 12:31:29'),
(26, 5, 2, '2020-04-03 12:31:29', '2020-04-03 12:31:29'),
(27, 5, 3, '2020-04-03 12:31:29', '2020-04-03 12:31:29'),
(28, 5, 4, '2020-04-03 12:31:29', '2020-04-03 12:31:29'),
(29, 5, 5, '2020-04-03 12:31:29', '2020-04-03 12:31:29'),
(30, 5, 6, '2020-04-03 12:31:29', '2020-04-03 12:31:29'),
(31, 6, 1, '2020-04-03 12:31:29', '2020-04-03 12:31:29'),
(32, 6, 2, '2020-04-03 12:31:29', '2020-04-03 12:31:29'),
(33, 6, 3, '2020-04-03 12:31:29', '2020-04-03 12:31:29'),
(34, 6, 4, '2020-04-03 12:31:29', '2020-04-03 12:31:29'),
(35, 6, 5, '2020-04-03 12:31:29', '2020-04-03 12:31:29'),
(36, 6, 6, '2020-04-03 12:31:29', '2020-04-03 12:31:29'),
(37, 7, 1, '2020-04-03 12:31:29', '2020-04-03 12:31:29'),
(38, 7, 2, '2020-04-03 12:31:29', '2020-04-03 12:31:29'),
(39, 7, 3, '2020-04-03 12:31:29', '2020-04-03 12:31:29'),
(40, 7, 4, '2020-04-03 12:31:29', '2020-04-03 12:31:29'),
(41, 7, 5, '2020-04-03 12:31:29', '2020-04-03 12:31:29'),
(42, 7, 6, '2020-04-03 12:31:29', '2020-04-03 12:31:29'),
(43, 8, 1, '2020-04-03 12:31:29', '2020-04-03 12:31:29'),
(44, 8, 2, '2020-04-03 12:31:29', '2020-04-03 12:31:29'),
(45, 8, 3, '2020-04-03 12:31:29', '2020-04-03 12:31:29'),
(46, 8, 4, '2020-04-03 12:31:29', '2020-04-03 12:31:29'),
(47, 8, 5, '2020-04-03 12:31:29', '2020-04-03 12:31:29'),
(48, 8, 6, '2020-04-03 12:31:29', '2020-04-03 12:31:29'),
(49, 9, 1, '2020-04-03 12:31:29', '2020-04-03 12:31:29'),
(50, 9, 2, '2020-04-03 12:31:29', '2020-04-03 12:31:29'),
(51, 9, 3, '2020-04-03 12:31:29', '2020-04-03 12:31:29'),
(52, 9, 4, '2020-04-03 12:31:29', '2020-04-03 12:31:29'),
(53, 9, 5, '2020-04-03 12:31:29', '2020-04-03 12:31:29'),
(54, 9, 6, '2020-04-03 12:31:29', '2020-04-03 12:31:29'),
(55, 10, 1, '2020-04-03 12:31:29', '2020-04-03 12:31:29'),
(56, 10, 2, '2020-04-03 12:31:29', '2020-04-03 12:31:29'),
(57, 10, 3, '2020-04-03 12:31:29', '2020-04-03 12:31:29'),
(58, 10, 4, '2020-04-03 12:31:29', '2020-04-03 12:31:29'),
(59, 10, 5, '2020-04-03 12:31:29', '2020-04-03 12:31:29'),
(60, 10, 6, '2020-04-03 12:31:29', '2020-04-03 12:31:29'),
(61, 11, 1, '2020-04-03 12:31:29', '2020-04-03 12:31:29'),
(62, 11, 2, '2020-04-03 12:31:29', '2020-04-03 12:31:29'),
(63, 11, 3, '2020-04-03 12:31:29', '2020-04-03 12:31:29'),
(64, 11, 4, '2020-04-03 12:31:29', '2020-04-03 12:31:29'),
(65, 11, 5, '2020-04-03 12:31:29', '2020-04-03 12:31:29'),
(66, 11, 6, '2020-04-03 12:31:29', '2020-04-03 12:31:29'),
(67, 12, 1, '2020-04-03 12:31:29', '2020-04-03 12:31:29'),
(68, 12, 2, '2020-04-03 12:31:29', '2020-04-03 12:31:29'),
(69, 12, 3, '2020-04-03 12:31:29', '2020-04-03 12:31:29'),
(70, 12, 4, '2020-04-03 12:31:29', '2020-04-03 12:31:29'),
(71, 12, 5, '2020-04-03 12:31:29', '2020-04-03 12:31:29'),
(72, 12, 6, '2020-04-03 12:31:29', '2020-04-03 12:31:29'),
(73, 13, 1, '2020-04-03 12:31:29', '2020-04-03 12:31:29'),
(74, 13, 2, '2020-04-03 12:31:29', '2020-04-03 12:31:29'),
(75, 13, 3, '2020-04-03 12:31:29', '2020-04-03 12:31:29'),
(76, 13, 4, '2020-04-03 12:31:29', '2020-04-03 12:31:29'),
(77, 13, 5, '2020-04-03 12:31:29', '2020-04-03 12:31:29'),
(78, 13, 6, '2020-04-03 12:31:29', '2020-04-03 12:31:29'),
(79, 14, 1, '2020-04-03 12:31:29', '2020-04-03 12:31:29'),
(80, 14, 2, '2020-04-03 12:31:29', '2020-04-03 12:31:29'),
(81, 14, 3, '2020-04-03 12:31:29', '2020-04-03 12:31:29'),
(82, 14, 4, '2020-04-03 12:31:29', '2020-04-03 12:31:29'),
(83, 14, 5, '2020-04-03 12:31:29', '2020-04-03 12:31:29'),
(84, 14, 6, '2020-04-03 12:31:29', '2020-04-03 12:31:29'),
(85, 15, 1, '2020-04-03 12:31:29', '2020-04-03 12:31:29'),
(86, 15, 2, '2020-04-03 12:31:29', '2020-04-03 12:31:29'),
(87, 15, 3, '2020-04-03 12:31:29', '2020-04-03 12:31:29'),
(88, 15, 4, '2020-04-03 12:31:29', '2020-04-03 12:31:29'),
(89, 15, 5, '2020-04-03 12:31:29', '2020-04-03 12:31:29'),
(90, 15, 6, '2020-04-03 12:31:29', '2020-04-03 12:31:29'),
(91, 16, 1, '2020-04-03 12:31:29', '2020-04-03 12:31:29'),
(92, 16, 2, '2020-04-03 12:31:29', '2020-04-03 12:31:29'),
(93, 16, 3, '2020-04-03 12:31:29', '2020-04-03 12:31:29'),
(94, 16, 4, '2020-04-03 12:31:30', '2020-04-03 12:31:30'),
(95, 16, 5, '2020-04-03 12:31:30', '2020-04-03 12:31:30'),
(96, 16, 6, '2020-04-03 12:31:30', '2020-04-03 12:31:30'),
(97, 17, 1, '2020-04-03 12:31:30', '2020-04-03 12:31:30'),
(98, 17, 2, '2020-04-03 12:31:30', '2020-04-03 12:31:30'),
(99, 17, 3, '2020-04-03 12:31:30', '2020-04-03 12:31:30'),
(100, 17, 4, '2020-04-03 12:31:30', '2020-04-03 12:31:30'),
(101, 17, 5, '2020-04-03 12:31:30', '2020-04-03 12:31:30'),
(102, 17, 6, '2020-04-03 12:31:30', '2020-04-03 12:31:30'),
(103, 18, 1, '2020-04-03 12:31:30', '2020-04-03 12:31:30'),
(104, 18, 2, '2020-04-03 12:31:30', '2020-04-03 12:31:30'),
(105, 18, 3, '2020-04-03 12:31:30', '2020-04-03 12:31:30'),
(106, 18, 4, '2020-04-03 12:31:30', '2020-04-03 12:31:30'),
(107, 18, 5, '2020-04-03 12:31:30', '2020-04-03 12:31:30'),
(108, 18, 6, '2020-04-03 12:31:30', '2020-04-03 12:31:30'),
(109, 19, 1, '2020-04-03 12:31:30', '2020-04-03 12:31:30'),
(110, 19, 2, '2020-04-03 12:31:30', '2020-04-03 12:31:30'),
(111, 19, 3, '2020-04-03 12:31:30', '2020-04-03 12:31:30'),
(112, 19, 4, '2020-04-03 12:31:30', '2020-04-03 12:31:30'),
(113, 19, 5, '2020-04-03 12:31:30', '2020-04-03 12:31:30'),
(114, 19, 6, '2020-04-03 12:31:30', '2020-04-03 12:31:30'),
(115, 20, 1, '2020-04-03 12:31:30', '2020-04-03 12:31:30'),
(116, 20, 2, '2020-04-03 12:31:30', '2020-04-03 12:31:30'),
(117, 20, 3, '2020-04-03 12:31:30', '2020-04-03 12:31:30'),
(118, 20, 4, '2020-04-03 12:31:30', '2020-04-03 12:31:30'),
(119, 20, 5, '2020-04-03 12:31:30', '2020-04-03 12:31:30'),
(120, 20, 6, '2020-04-03 12:31:30', '2020-04-03 12:31:30'),
(121, 21, 1, '2020-04-03 12:31:30', '2020-04-03 12:31:30'),
(122, 21, 2, '2020-04-03 12:31:30', '2020-04-03 12:31:30'),
(123, 21, 3, '2020-04-03 12:31:30', '2020-04-03 12:31:30'),
(124, 21, 4, '2020-04-03 12:31:30', '2020-04-03 12:31:30'),
(125, 21, 5, '2020-04-03 12:31:30', '2020-04-03 12:31:30'),
(126, 21, 6, '2020-04-03 12:31:30', '2020-04-03 12:31:30'),
(127, 22, 1, '2020-04-03 12:31:30', '2020-04-03 12:31:30'),
(128, 22, 2, '2020-04-03 12:31:30', '2020-04-03 12:31:30'),
(129, 22, 3, '2020-04-03 12:31:30', '2020-04-03 12:31:30'),
(130, 22, 4, '2020-04-03 12:31:30', '2020-04-03 12:31:30'),
(131, 22, 5, '2020-04-03 12:31:30', '2020-04-03 12:31:30'),
(132, 22, 6, '2020-04-03 12:31:30', '2020-04-03 12:31:30'),
(133, 23, 1, '2020-04-03 12:31:30', '2020-04-03 12:31:30'),
(134, 23, 2, '2020-04-03 12:31:30', '2020-04-03 12:31:30'),
(135, 23, 3, '2020-04-03 12:31:30', '2020-04-03 12:31:30'),
(136, 23, 4, '2020-04-03 12:31:30', '2020-04-03 12:31:30'),
(137, 23, 5, '2020-04-03 12:31:30', '2020-04-03 12:31:30'),
(138, 23, 6, '2020-04-03 12:31:30', '2020-04-03 12:31:30'),
(139, 24, 1, '2020-04-03 12:31:30', '2020-04-03 12:31:30'),
(140, 24, 2, '2020-04-03 12:31:30', '2020-04-03 12:31:30'),
(141, 24, 3, '2020-04-03 12:31:30', '2020-04-03 12:31:30'),
(142, 24, 4, '2020-04-03 12:31:30', '2020-04-03 12:31:30'),
(143, 24, 5, '2020-04-03 12:31:30', '2020-04-03 12:31:30'),
(144, 24, 6, '2020-04-03 12:31:30', '2020-04-03 12:31:30'),
(145, 25, 1, '2020-04-03 12:31:30', '2020-04-03 12:31:30'),
(146, 25, 2, '2020-04-03 12:31:30', '2020-04-03 12:31:30'),
(147, 25, 3, '2020-04-03 12:31:30', '2020-04-03 12:31:30'),
(148, 25, 4, '2020-04-03 12:31:30', '2020-04-03 12:31:30'),
(149, 25, 5, '2020-04-03 12:31:30', '2020-04-03 12:31:30'),
(150, 25, 6, '2020-04-03 12:31:30', '2020-04-03 12:31:30'),
(151, 26, 1, '2020-04-03 12:31:30', '2020-04-03 12:31:30'),
(152, 26, 2, '2020-04-03 12:31:30', '2020-04-03 12:31:30'),
(153, 26, 3, '2020-04-03 12:31:30', '2020-04-03 12:31:30'),
(154, 26, 4, '2020-04-03 12:31:30', '2020-04-03 12:31:30'),
(155, 26, 5, '2020-04-03 12:31:30', '2020-04-03 12:31:30'),
(156, 26, 6, '2020-04-03 12:31:30', '2020-04-03 12:31:30'),
(157, 27, 1, '2020-04-03 12:31:30', '2020-04-03 12:31:30'),
(158, 27, 2, '2020-04-03 12:31:30', '2020-04-03 12:31:30'),
(159, 27, 3, '2020-04-03 12:31:30', '2020-04-03 12:31:30'),
(160, 27, 4, '2020-04-03 12:31:30', '2020-04-03 12:31:30'),
(161, 27, 5, '2020-04-03 12:31:30', '2020-04-03 12:31:30'),
(162, 27, 6, '2020-04-03 12:31:30', '2020-04-03 12:31:30'),
(163, 28, 1, '2020-04-03 12:31:30', '2020-04-03 12:31:30'),
(164, 28, 2, '2020-04-03 12:31:30', '2020-04-03 12:31:30'),
(165, 28, 3, '2020-04-03 12:31:30', '2020-04-03 12:31:30'),
(166, 28, 4, '2020-04-03 12:31:30', '2020-04-03 12:31:30'),
(167, 28, 5, '2020-04-03 12:31:30', '2020-04-03 12:31:30'),
(168, 28, 6, '2020-04-03 12:31:30', '2020-04-03 12:31:30'),
(169, 29, 1, '2020-04-03 12:31:30', '2020-04-03 12:31:30'),
(170, 29, 2, '2020-04-03 12:31:30', '2020-04-03 12:31:30'),
(171, 29, 3, '2020-04-03 12:31:30', '2020-04-03 12:31:30'),
(172, 29, 4, '2020-04-03 12:31:30', '2020-04-03 12:31:30'),
(173, 29, 5, '2020-04-03 12:31:30', '2020-04-03 12:31:30'),
(174, 29, 6, '2020-04-03 12:31:30', '2020-04-03 12:31:30'),
(175, 30, 1, '2020-04-03 12:31:30', '2020-04-03 12:31:30'),
(176, 30, 2, '2020-04-03 12:31:30', '2020-04-03 12:31:30'),
(177, 30, 3, '2020-04-03 12:31:30', '2020-04-03 12:31:30'),
(178, 30, 4, '2020-04-03 12:31:30', '2020-04-03 12:31:30'),
(179, 30, 5, '2020-04-03 12:31:30', '2020-04-03 12:31:30'),
(180, 30, 6, '2020-04-03 12:31:30', '2020-04-03 12:31:30'),
(181, 31, 1, '2020-04-03 12:31:30', '2020-04-03 12:31:30'),
(182, 31, 2, '2020-04-03 12:31:30', '2020-04-03 12:31:30'),
(183, 31, 3, '2020-04-03 12:31:30', '2020-04-03 12:31:30'),
(184, 31, 4, '2020-04-03 12:31:30', '2020-04-03 12:31:30'),
(185, 31, 5, '2020-04-03 12:31:30', '2020-04-03 12:31:30'),
(186, 31, 6, '2020-04-03 12:31:30', '2020-04-03 12:31:30'),
(187, 32, 1, '2020-04-03 12:31:30', '2020-04-03 12:31:30'),
(188, 32, 2, '2020-04-03 12:31:30', '2020-04-03 12:31:30'),
(189, 32, 3, '2020-04-03 12:31:30', '2020-04-03 12:31:30'),
(190, 32, 4, '2020-04-03 12:31:30', '2020-04-03 12:31:30'),
(191, 32, 5, '2020-04-03 12:31:30', '2020-04-03 12:31:30'),
(192, 32, 6, '2020-04-03 12:31:30', '2020-04-03 12:31:30'),
(193, 33, 1, '2020-04-03 12:31:30', '2020-04-03 12:31:30'),
(194, 33, 2, '2020-04-03 12:31:30', '2020-04-03 12:31:30'),
(195, 33, 3, '2020-04-03 12:31:30', '2020-04-03 12:31:30'),
(196, 33, 4, '2020-04-03 12:31:30', '2020-04-03 12:31:30'),
(197, 33, 5, '2020-04-03 12:31:30', '2020-04-03 12:31:30'),
(198, 33, 6, '2020-04-03 12:31:30', '2020-04-03 12:31:30'),
(199, 34, 1, '2020-04-03 12:31:30', '2020-04-03 12:31:30'),
(200, 34, 2, '2020-04-03 12:31:30', '2020-04-03 12:31:30'),
(201, 34, 3, '2020-04-03 12:31:30', '2020-04-03 12:31:30'),
(202, 34, 4, '2020-04-03 12:31:30', '2020-04-03 12:31:30'),
(203, 34, 5, '2020-04-03 12:31:30', '2020-04-03 12:31:30'),
(204, 34, 6, '2020-04-03 12:31:30', '2020-04-03 12:31:30'),
(205, 35, 1, '2020-04-03 12:31:30', '2020-04-03 12:31:30'),
(206, 35, 2, '2020-04-03 12:31:30', '2020-04-03 12:31:30'),
(207, 35, 3, '2020-04-03 12:31:30', '2020-04-03 12:31:30'),
(208, 35, 4, '2020-04-03 12:31:30', '2020-04-03 12:31:30'),
(209, 35, 5, '2020-04-03 12:31:30', '2020-04-03 12:31:30'),
(210, 35, 6, '2020-04-03 12:31:30', '2020-04-03 12:31:30'),
(211, 36, 1, '2020-04-03 12:31:30', '2020-04-03 12:31:30'),
(212, 36, 2, '2020-04-03 12:31:30', '2020-04-03 12:31:30'),
(213, 36, 3, '2020-04-03 12:31:30', '2020-04-03 12:31:30'),
(214, 36, 4, '2020-04-03 12:31:30', '2020-04-03 12:31:30'),
(215, 36, 5, '2020-04-03 12:31:30', '2020-04-03 12:31:30'),
(216, 36, 6, '2020-04-03 12:31:30', '2020-04-03 12:31:30'),
(217, 37, 1, '2020-04-03 12:31:30', '2020-04-03 12:31:30'),
(218, 37, 2, '2020-04-03 12:31:30', '2020-04-03 12:31:30'),
(219, 37, 3, '2020-04-03 12:31:30', '2020-04-03 12:31:30'),
(220, 37, 4, '2020-04-03 12:31:30', '2020-04-03 12:31:30'),
(221, 37, 5, '2020-04-03 12:31:30', '2020-04-03 12:31:30'),
(222, 37, 6, '2020-04-03 12:31:30', '2020-04-03 12:31:30'),
(223, 38, 1, '2020-04-03 12:31:30', '2020-04-03 12:31:30'),
(224, 38, 2, '2020-04-03 12:31:30', '2020-04-03 12:31:30'),
(225, 38, 3, '2020-04-03 12:31:30', '2020-04-03 12:31:30'),
(226, 38, 4, '2020-04-03 12:31:30', '2020-04-03 12:31:30'),
(227, 38, 5, '2020-04-03 12:31:30', '2020-04-03 12:31:30'),
(228, 38, 6, '2020-04-03 12:31:30', '2020-04-03 12:31:30'),
(229, 39, 1, '2020-04-03 12:31:30', '2020-04-03 12:31:30'),
(230, 39, 2, '2020-04-03 12:31:30', '2020-04-03 12:31:30'),
(231, 39, 3, '2020-04-03 12:31:30', '2020-04-03 12:31:30'),
(232, 39, 4, '2020-04-03 12:31:30', '2020-04-03 12:31:30'),
(233, 39, 5, '2020-04-03 12:31:30', '2020-04-03 12:31:30'),
(234, 39, 6, '2020-04-03 12:31:30', '2020-04-03 12:31:30'),
(235, 40, 1, '2020-04-03 12:31:30', '2020-04-03 12:31:30'),
(236, 40, 2, '2020-04-03 12:31:30', '2020-04-03 12:31:30'),
(237, 40, 3, '2020-04-03 12:31:30', '2020-04-03 12:31:30'),
(238, 40, 4, '2020-04-03 12:31:30', '2020-04-03 12:31:30'),
(239, 40, 5, '2020-04-03 12:31:30', '2020-04-03 12:31:30'),
(240, 40, 6, '2020-04-03 12:31:30', '2020-04-03 12:31:30'),
(241, 41, 1, '2020-04-03 12:31:30', '2020-04-03 12:31:30'),
(242, 41, 2, '2020-04-03 12:31:30', '2020-04-03 12:31:30'),
(243, 41, 3, '2020-04-03 12:31:30', '2020-04-03 12:31:30'),
(244, 41, 4, '2020-04-03 12:31:30', '2020-04-03 12:31:30'),
(245, 41, 5, '2020-04-03 12:31:30', '2020-04-03 12:31:30'),
(246, 41, 6, '2020-04-03 12:31:30', '2020-04-03 12:31:30'),
(247, 42, 1, '2020-04-03 12:31:30', '2020-04-03 12:31:30'),
(248, 42, 2, '2020-04-03 12:31:30', '2020-04-03 12:31:30'),
(249, 42, 3, '2020-04-03 12:31:30', '2020-04-03 12:31:30'),
(250, 42, 4, '2020-04-03 12:31:30', '2020-04-03 12:31:30'),
(251, 42, 5, '2020-04-03 12:31:30', '2020-04-03 12:31:30'),
(252, 42, 6, '2020-04-03 12:31:30', '2020-04-03 12:31:30'),
(253, 43, 1, '2020-04-03 12:31:30', '2020-04-03 12:31:30'),
(254, 43, 2, '2020-04-03 12:31:30', '2020-04-03 12:31:30'),
(255, 43, 3, '2020-04-03 12:31:30', '2020-04-03 12:31:30'),
(256, 43, 4, '2020-04-03 12:31:30', '2020-04-03 12:31:30'),
(257, 43, 5, '2020-04-03 12:31:30', '2020-04-03 12:31:30'),
(258, 43, 6, '2020-04-03 12:31:30', '2020-04-03 12:31:30'),
(259, 44, 1, '2020-04-03 12:31:30', '2020-04-03 12:31:30'),
(260, 44, 2, '2020-04-03 12:31:30', '2020-04-03 12:31:30'),
(261, 44, 3, '2020-04-03 12:31:30', '2020-04-03 12:31:30'),
(262, 44, 4, '2020-04-03 12:31:30', '2020-04-03 12:31:30'),
(263, 44, 5, '2020-04-03 12:31:30', '2020-04-03 12:31:30'),
(264, 44, 6, '2020-04-03 12:31:30', '2020-04-03 12:31:30'),
(265, 45, 1, '2020-04-03 12:31:30', '2020-04-03 12:31:30'),
(266, 45, 2, '2020-04-03 12:31:30', '2020-04-03 12:31:30'),
(267, 45, 3, '2020-04-03 12:31:30', '2020-04-03 12:31:30'),
(268, 45, 4, '2020-04-03 12:31:30', '2020-04-03 12:31:30'),
(269, 45, 5, '2020-04-03 12:31:30', '2020-04-03 12:31:30'),
(270, 45, 6, '2020-04-03 12:31:30', '2020-04-03 12:31:30'),
(271, 46, 1, '2020-04-03 12:31:30', '2020-04-03 12:31:30'),
(272, 46, 2, '2020-04-03 12:31:30', '2020-04-03 12:31:30'),
(273, 46, 3, '2020-04-03 12:31:30', '2020-04-03 12:31:30'),
(274, 46, 4, '2020-04-03 12:31:30', '2020-04-03 12:31:30'),
(275, 46, 5, '2020-04-03 12:31:30', '2020-04-03 12:31:30'),
(276, 46, 6, '2020-04-03 12:31:30', '2020-04-03 12:31:30'),
(277, 47, 1, '2020-04-03 12:31:30', '2020-04-03 12:31:30'),
(278, 47, 2, '2020-04-03 12:31:30', '2020-04-03 12:31:30'),
(279, 47, 3, '2020-04-03 12:31:30', '2020-04-03 12:31:30'),
(280, 47, 4, '2020-04-03 12:31:30', '2020-04-03 12:31:30'),
(281, 47, 5, '2020-04-03 12:31:30', '2020-04-03 12:31:30'),
(282, 47, 6, '2020-04-03 12:31:30', '2020-04-03 12:31:30'),
(283, 48, 1, '2020-04-03 12:31:30', '2020-04-03 12:31:30'),
(284, 48, 2, '2020-04-03 12:31:30', '2020-04-03 12:31:30'),
(285, 48, 3, '2020-04-03 12:31:30', '2020-04-03 12:31:30'),
(286, 48, 4, '2020-04-03 12:31:30', '2020-04-03 12:31:30'),
(287, 48, 5, '2020-04-03 12:31:30', '2020-04-03 12:31:30'),
(288, 48, 6, '2020-04-03 12:31:30', '2020-04-03 12:31:30'),
(289, 49, 1, '2020-04-03 12:31:30', '2020-04-03 12:31:30'),
(290, 49, 2, '2020-04-03 12:31:30', '2020-04-03 12:31:30'),
(291, 49, 3, '2020-04-03 12:31:30', '2020-04-03 12:31:30'),
(292, 49, 4, '2020-04-03 12:31:30', '2020-04-03 12:31:30'),
(293, 49, 5, '2020-04-03 12:31:30', '2020-04-03 12:31:30'),
(294, 49, 6, '2020-04-03 12:31:30', '2020-04-03 12:31:30'),
(295, 50, 1, '2020-04-03 12:31:30', '2020-04-03 12:31:30'),
(296, 50, 2, '2020-04-03 12:31:30', '2020-04-03 12:31:30'),
(297, 50, 3, '2020-04-03 12:31:30', '2020-04-03 12:31:30'),
(298, 50, 4, '2020-04-03 12:31:30', '2020-04-03 12:31:30'),
(299, 50, 5, '2020-04-03 12:31:30', '2020-04-03 12:31:30'),
(300, 50, 6, '2020-04-03 12:31:30', '2020-04-03 12:31:30'),
(301, 51, 1, '2020-04-03 12:31:30', '2020-04-03 12:31:30'),
(302, 51, 2, '2020-04-03 12:31:30', '2020-04-03 12:31:30'),
(303, 51, 3, '2020-04-03 12:31:30', '2020-04-03 12:31:30'),
(304, 51, 4, '2020-04-03 12:31:30', '2020-04-03 12:31:30'),
(305, 51, 5, '2020-04-03 12:31:30', '2020-04-03 12:31:30'),
(306, 51, 6, '2020-04-03 12:31:30', '2020-04-03 12:31:30'),
(307, 52, 1, '2020-04-03 12:31:30', '2020-04-03 12:31:30'),
(308, 52, 2, '2020-04-03 12:31:30', '2020-04-03 12:31:30'),
(309, 52, 3, '2020-04-03 12:31:30', '2020-04-03 12:31:30'),
(310, 52, 4, '2020-04-03 12:31:30', '2020-04-03 12:31:30'),
(311, 52, 5, '2020-04-03 12:31:30', '2020-04-03 12:31:30'),
(312, 52, 6, '2020-04-03 12:31:30', '2020-04-03 12:31:30'),
(313, 53, 1, '2020-04-03 12:31:30', '2020-04-03 12:31:30'),
(314, 53, 2, '2020-04-03 12:31:30', '2020-04-03 12:31:30'),
(315, 53, 3, '2020-04-03 12:31:30', '2020-04-03 12:31:30'),
(316, 53, 4, '2020-04-03 12:31:30', '2020-04-03 12:31:30'),
(317, 53, 5, '2020-04-03 12:31:30', '2020-04-03 12:31:30'),
(318, 53, 6, '2020-04-03 12:31:30', '2020-04-03 12:31:30'),
(319, 54, 1, '2020-04-03 12:31:30', '2020-04-03 12:31:30'),
(320, 54, 2, '2020-04-03 12:31:30', '2020-04-03 12:31:30'),
(321, 54, 3, '2020-04-03 12:31:30', '2020-04-03 12:31:30'),
(322, 54, 4, '2020-04-03 12:31:30', '2020-04-03 12:31:30'),
(323, 54, 5, '2020-04-03 12:31:30', '2020-04-03 12:31:30'),
(324, 54, 6, '2020-04-03 12:31:30', '2020-04-03 12:31:30'),
(325, 55, 1, '2020-04-03 12:31:30', '2020-04-03 12:31:30'),
(326, 55, 2, '2020-04-03 12:31:30', '2020-04-03 12:31:30'),
(327, 55, 3, '2020-04-03 12:31:30', '2020-04-03 12:31:30'),
(328, 55, 4, '2020-04-03 12:31:30', '2020-04-03 12:31:30'),
(329, 55, 5, '2020-04-03 12:31:30', '2020-04-03 12:31:30'),
(330, 55, 6, '2020-04-03 12:31:30', '2020-04-03 12:31:30'),
(331, 56, 1, '2020-04-03 12:31:30', '2020-04-03 12:31:30'),
(332, 56, 2, '2020-04-03 12:31:30', '2020-04-03 12:31:30'),
(333, 56, 3, '2020-04-03 12:31:30', '2020-04-03 12:31:30'),
(334, 56, 4, '2020-04-03 12:31:30', '2020-04-03 12:31:30'),
(335, 56, 5, '2020-04-03 12:31:30', '2020-04-03 12:31:30'),
(336, 56, 6, '2020-04-03 12:31:30', '2020-04-03 12:31:30'),
(337, 57, 1, '2020-04-03 12:31:30', '2020-04-03 12:31:30'),
(338, 57, 2, '2020-04-03 12:31:30', '2020-04-03 12:31:30'),
(339, 57, 3, '2020-04-03 12:31:30', '2020-04-03 12:31:30'),
(340, 57, 4, '2020-04-03 12:31:30', '2020-04-03 12:31:30'),
(341, 57, 5, '2020-04-03 12:31:30', '2020-04-03 12:31:30'),
(342, 57, 6, '2020-04-03 12:31:30', '2020-04-03 12:31:30'),
(343, 58, 1, '2020-04-03 12:31:30', '2020-04-03 12:31:30'),
(344, 58, 2, '2020-04-03 12:31:30', '2020-04-03 12:31:30'),
(345, 58, 3, '2020-04-03 12:31:30', '2020-04-03 12:31:30'),
(346, 58, 4, '2020-04-03 12:31:30', '2020-04-03 12:31:30'),
(347, 58, 5, '2020-04-03 12:31:30', '2020-04-03 12:31:30'),
(348, 58, 6, '2020-04-03 12:31:30', '2020-04-03 12:31:30'),
(349, 59, 1, '2020-04-03 12:31:30', '2020-04-03 12:31:30'),
(350, 59, 2, '2020-04-03 12:31:30', '2020-04-03 12:31:30'),
(351, 59, 3, '2020-04-03 12:31:30', '2020-04-03 12:31:30'),
(352, 59, 4, '2020-04-03 12:31:30', '2020-04-03 12:31:30'),
(353, 59, 5, '2020-04-03 12:31:30', '2020-04-03 12:31:30'),
(354, 59, 6, '2020-04-03 12:31:30', '2020-04-03 12:31:30'),
(355, 60, 1, '2020-04-03 12:31:30', '2020-04-03 12:31:30'),
(356, 60, 2, '2020-04-03 12:31:30', '2020-04-03 12:31:30'),
(357, 60, 3, '2020-04-03 12:31:30', '2020-04-03 12:31:30'),
(358, 60, 4, '2020-04-03 12:31:30', '2020-04-03 12:31:30'),
(359, 60, 5, '2020-04-03 12:31:30', '2020-04-03 12:31:30'),
(360, 60, 6, '2020-04-03 12:31:30', '2020-04-03 12:31:30');

-- --------------------------------------------------------

--
-- Cấu trúc bảng cho bảng `comments`
--

CREATE TABLE `comments` (
  `id` bigint UNSIGNED NOT NULL,
  `user_id` bigint DEFAULT NULL,
  `product_id` bigint DEFAULT NULL,
  `parent_id` bigint DEFAULT NULL,
  `content` text COLLATE utf8mb4_unicode_ci,
  `created_at` timestamp NULL DEFAULT NULL,
  `updated_at` timestamp NULL DEFAULT NULL
) ENGINE=InnoDB DEFAULT CHARSET=utf8mb4 COLLATE=utf8mb4_unicode_ci;

-- --------------------------------------------------------

--
-- Cấu trúc bảng cho bảng `failed_jobs`
--

CREATE TABLE `failed_jobs` (
  `id` bigint UNSIGNED NOT NULL,
  `connection` text COLLATE utf8mb4_unicode_ci NOT NULL,
  `queue` text COLLATE utf8mb4_unicode_ci NOT NULL,
  `payload` longtext COLLATE utf8mb4_unicode_ci NOT NULL,
  `exception` longtext COLLATE utf8mb4_unicode_ci NOT NULL,
  `failed_at` timestamp NOT NULL DEFAULT CURRENT_TIMESTAMP
) ENGINE=InnoDB DEFAULT CHARSET=utf8mb4 COLLATE=utf8mb4_unicode_ci;

-- --------------------------------------------------------

--
-- Cấu trúc bảng cho bảng `images`
--

CREATE TABLE `images` (
  `id` bigint UNSIGNED NOT NULL,
  `product_id` bigint DEFAULT NULL,
  `image` varchar(255) COLLATE utf8mb4_unicode_ci DEFAULT NULL,
  `image_default` tinyint(1) DEFAULT '0',
  `created_at` timestamp NULL DEFAULT NULL,
  `updated_at` timestamp NULL DEFAULT NULL
) ENGINE=InnoDB DEFAULT CHARSET=utf8mb4 COLLATE=utf8mb4_unicode_ci;

--
-- Đang đổ dữ liệu cho bảng `images`
--

INSERT INTO `images` (`id`, `product_id`, `image`, `image_default`, `created_at`, `updated_at`) VALUES
(5, 60, '/images/product/product5e8786d6dfb7a.jpeg', 1, '2020-04-03 11:56:22', '2020-04-03 11:56:22'),
(6, 60, '/images/product/product5e8786d6e07fc.jpeg', 0, '2020-04-03 11:56:22', '2020-04-03 11:56:22'),
(7, 60, '/images/product/product5e8786d6e1488.jpeg', 0, '2020-04-03 11:56:22', '2020-04-03 11:56:22'),
(8, 60, '/images/product/product5e8786d6e2209.jpeg', 0, '2020-04-03 11:56:22', '2020-04-03 11:56:22'),
(9, 59, '/images/product/product5e8786e7c69ec.jpeg', 1, '2020-04-03 11:56:39', '2020-04-03 11:56:39'),
(10, 59, '/images/product/product5e8786e7c76d0.jpeg', 0, '2020-04-03 11:56:39', '2020-04-03 11:56:39'),
(11, 59, '/images/product/product5e8786e7c8242.jpeg', 0, '2020-04-03 11:56:39', '2020-04-03 11:56:39'),
(12, 59, '/images/product/product5e8786e7c8e28.jpeg', 0, '2020-04-03 11:56:39', '2020-04-03 11:56:39'),
(13, 58, '/images/product/product5e8786f9c0961.jpeg', 1, '2020-04-03 11:56:57', '2020-04-03 11:56:57'),
(14, 58, '/images/product/product5e8786f9c1951.jpeg', 0, '2020-04-03 11:56:57', '2020-04-03 11:56:57'),
(15, 58, '/images/product/product5e8786f9c23b8.jpeg', 0, '2020-04-03 11:56:57', '2020-04-03 11:56:57'),
(16, 58, '/images/product/product5e8786f9c30bc.jpeg', 0, '2020-04-03 11:56:57', '2020-04-03 11:56:57'),
(17, 57, '/images/product/product5e87870995348.jpeg', 1, '2020-04-03 11:57:13', '2020-04-03 11:57:13'),
(18, 57, '/images/product/product5e87870996203.jpeg', 0, '2020-04-03 11:57:13', '2020-04-03 11:57:13'),
(19, 57, '/images/product/product5e87870996c16.jpeg', 0, '2020-04-03 11:57:13', '2020-04-03 11:57:13'),
(20, 57, '/images/product/product5e8787099780f.jpeg', 0, '2020-04-03 11:57:13', '2020-04-03 11:57:13'),
(21, 56, '/images/product/product5e878721884d3.jpeg', 1, '2020-04-03 11:57:37', '2020-04-03 11:57:37'),
(22, 56, '/images/product/product5e87872189401.jpeg', 0, '2020-04-03 11:57:37', '2020-04-03 11:57:37'),
(23, 56, '/images/product/product5e8787218a144.jpeg', 0, '2020-04-03 11:57:37', '2020-04-03 11:57:37'),
(24, 56, '/images/product/product5e8787218af3b.jpeg', 0, '2020-04-03 11:57:37', '2020-04-03 11:57:37'),
(25, 55, '/images/product/product5e87873b80a92.jpeg', 1, '2020-04-03 11:58:03', '2020-04-03 11:58:03'),
(26, 55, '/images/product/product5e87873b818d7.jpeg', 0, '2020-04-03 11:58:03', '2020-04-03 11:58:03'),
(27, 55, '/images/product/product5e87873b8255a.jpeg', 0, '2020-04-03 11:58:03', '2020-04-03 11:58:03'),
(28, 55, '/images/product/product5e87873b82f9e.jpeg', 0, '2020-04-03 11:58:03', '2020-04-03 11:58:03'),
(29, 54, '/images/product/product5e87874a2f956.jpeg', 1, '2020-04-03 11:58:18', '2020-04-03 11:58:18'),
(30, 54, '/images/product/product5e87874a309a8.jpeg', 0, '2020-04-03 11:58:18', '2020-04-03 11:58:18'),
(31, 54, '/images/product/product5e87874a31699.jpeg', 0, '2020-04-03 11:58:18', '2020-04-03 11:58:18'),
(32, 54, '/images/product/product5e87874a32242.jpeg', 0, '2020-04-03 11:58:18', '2020-04-03 11:58:18'),
(33, 53, '/images/product/product5e878757df3ec.jpeg', 1, '2020-04-03 11:58:31', '2020-04-03 11:58:31'),
(34, 53, '/images/product/product5e878757e0344.jpeg', 0, '2020-04-03 11:58:31', '2020-04-03 11:58:31'),
(35, 53, '/images/product/product5e878757e0e10.jpeg', 0, '2020-04-03 11:58:31', '2020-04-03 11:58:31'),
(36, 53, '/images/product/product5e878757e1929.jpeg', 0, '2020-04-03 11:58:31', '2020-04-03 11:58:31'),
(37, 52, '/images/product/product5e8787686120d.jpeg', 1, '2020-04-03 11:58:48', '2020-04-03 11:58:48'),
(38, 52, '/images/product/product5e878768620f9.jpeg', 0, '2020-04-03 11:58:48', '2020-04-03 11:58:48'),
(39, 52, '/images/product/product5e87876862ca9.jpeg', 0, '2020-04-03 11:58:48', '2020-04-03 11:58:48'),
(40, 52, '/images/product/product5e87876863692.jpeg', 0, '2020-04-03 11:58:48', '2020-04-03 11:58:48'),
(41, 51, '/images/product/product5e8787a3c4666.jpeg', 1, '2020-04-03 11:59:47', '2020-04-03 11:59:47'),
(42, 51, '/images/product/product5e8787a3c56a3.jpeg', 0, '2020-04-03 11:59:47', '2020-04-03 11:59:47'),
(43, 51, '/images/product/product5e8787a3c6236.jpeg', 0, '2020-04-03 11:59:47', '2020-04-03 11:59:47'),
(44, 51, '/images/product/product5e8787a3c7012.jpeg', 0, '2020-04-03 11:59:47', '2020-04-03 11:59:47'),
(45, 50, '/images/product/product5e8787b73baaf.jpeg', 1, '2020-04-03 12:00:07', '2020-04-03 12:00:07'),
(46, 50, '/images/product/product5e8787b73c9dc.jpeg', 0, '2020-04-03 12:00:07', '2020-04-03 12:00:07'),
(47, 50, '/images/product/product5e8787b73d5e6.jpeg', 0, '2020-04-03 12:00:07', '2020-04-03 12:00:07'),
(48, 50, '/images/product/product5e8787b73e335.jpeg', 0, '2020-04-03 12:00:07', '2020-04-03 12:00:07'),
(49, 49, '/images/product/product5e8787c290d3d.jpeg', 1, '2020-04-03 12:00:18', '2020-04-03 12:00:18'),
(50, 49, '/images/product/product5e8787c291a6b.jpeg', 0, '2020-04-03 12:00:18', '2020-04-03 12:00:18'),
(51, 49, '/images/product/product5e8787c292543.jpeg', 0, '2020-04-03 12:00:18', '2020-04-03 12:00:18'),
(52, 49, '/images/product/product5e8787c292f08.jpeg', 0, '2020-04-03 12:00:18', '2020-04-03 12:00:18'),
(53, 48, '/images/product/product5e8787d267c28.jpeg', 1, '2020-04-03 12:00:34', '2020-04-03 12:00:34'),
(54, 48, '/images/product/product5e8787d268a2a.jpeg', 0, '2020-04-03 12:00:34', '2020-04-03 12:00:34'),
(55, 48, '/images/product/product5e8787d269465.jpeg', 0, '2020-04-03 12:00:34', '2020-04-03 12:00:34'),
(56, 48, '/images/product/product5e8787d269db3.jpeg', 0, '2020-04-03 12:00:34', '2020-04-03 12:00:34'),
(57, 47, '/images/product/product5e8787e6adbef.jpeg', 1, '2020-04-03 12:00:54', '2020-04-03 12:00:54'),
(58, 47, '/images/product/product5e8787e6aead9.jpeg', 0, '2020-04-03 12:00:54', '2020-04-03 12:00:54'),
(59, 47, '/images/product/product5e8787e6af72e.jpeg', 0, '2020-04-03 12:00:54', '2020-04-03 12:00:54'),
(60, 47, '/images/product/product5e8787e6b00d5.jpeg', 0, '2020-04-03 12:00:54', '2020-04-03 12:00:54'),
(61, 46, '/images/product/product5e8787f583f7f.jpeg', 1, '2020-04-03 12:01:09', '2020-04-03 12:01:09'),
(62, 46, '/images/product/product5e8787f584e29.jpeg', 0, '2020-04-03 12:01:09', '2020-04-03 12:01:09'),
(63, 46, '/images/product/product5e8787f5859a3.jpeg', 0, '2020-04-03 12:01:09', '2020-04-03 12:01:09'),
(64, 46, '/images/product/product5e8787f5865b5.jpeg', 0, '2020-04-03 12:01:09', '2020-04-03 12:01:09'),
(65, 45, '/images/product/product5e87880c631ec.jpeg', 1, '2020-04-03 12:01:32', '2020-04-03 12:01:32'),
(66, 45, '/images/product/product5e87880c64033.jpeg', 0, '2020-04-03 12:01:32', '2020-04-03 12:01:32'),
(67, 45, '/images/product/product5e87880c64c7e.jpeg', 0, '2020-04-03 12:01:32', '2020-04-03 12:01:32'),
(68, 45, '/images/product/product5e87880c6582a.jpeg', 0, '2020-04-03 12:01:32', '2020-04-03 12:01:32'),
(69, 44, '/images/product/product5e878821992c8.jpeg', 1, '2020-04-03 12:01:53', '2020-04-03 12:01:53'),
(70, 44, '/images/product/product5e8788219a439.jpeg', 0, '2020-04-03 12:01:53', '2020-04-03 12:01:53'),
(71, 44, '/images/product/product5e8788219afa5.jpeg', 0, '2020-04-03 12:01:53', '2020-04-03 12:01:53'),
(72, 44, '/images/product/product5e8788219baec.jpeg', 0, '2020-04-03 12:01:53', '2020-04-03 12:01:53'),
(73, 43, '/images/product/product5e87882ce2bd1.jpeg', 1, '2020-04-03 12:02:04', '2020-04-03 12:02:04'),
(74, 43, '/images/product/product5e87882ce3af5.jpeg', 0, '2020-04-03 12:02:04', '2020-04-03 12:02:04'),
(75, 43, '/images/product/product5e87882ce47e7.jpeg', 0, '2020-04-03 12:02:04', '2020-04-03 12:02:04'),
(76, 43, '/images/product/product5e87882ce541d.jpeg', 0, '2020-04-03 12:02:04', '2020-04-03 12:02:04'),
(77, 42, '/images/product/product5e87883fd0dde.jpeg', 1, '2020-04-03 12:02:23', '2020-04-03 12:02:23'),
(78, 42, '/images/product/product5e87883fd1e47.jpeg', 0, '2020-04-03 12:02:23', '2020-04-03 12:02:23'),
(79, 42, '/images/product/product5e87883fd298c.jpeg', 0, '2020-04-03 12:02:23', '2020-04-03 12:02:23'),
(80, 42, '/images/product/product5e87883fd32ba.jpeg', 0, '2020-04-03 12:02:23', '2020-04-03 12:02:23'),
(81, 41, '/images/product/product5e87884d821a1.jpeg', 1, '2020-04-03 12:02:37', '2020-04-03 12:02:37'),
(82, 41, '/images/product/product5e87884d82e9f.jpeg', 0, '2020-04-03 12:02:37', '2020-04-03 12:02:37'),
(83, 41, '/images/product/product5e87884d83c2a.jpeg', 0, '2020-04-03 12:02:37', '2020-04-03 12:02:37'),
(84, 41, '/images/product/product5e87884d84a09.jpeg', 0, '2020-04-03 12:02:37', '2020-04-03 12:02:37'),
(85, 40, '/images/product/product5e878868116ad.jpeg', 1, '2020-04-03 12:03:04', '2020-04-03 12:03:04'),
(86, 40, '/images/product/product5e87886812311.jpeg', 0, '2020-04-03 12:03:04', '2020-04-03 12:03:04'),
(87, 40, '/images/product/product5e87886812be9.jpeg', 0, '2020-04-03 12:03:04', '2020-04-03 12:03:04'),
(88, 40, '/images/product/product5e87886813756.jpeg', 0, '2020-04-03 12:03:04', '2020-04-03 12:03:04'),
(89, 39, '/images/product/product5e8788798aec2.jpeg', 1, '2020-04-03 12:03:21', '2020-04-03 12:03:21'),
(90, 39, '/images/product/product5e8788798bd1d.jpeg', 0, '2020-04-03 12:03:21', '2020-04-03 12:03:21'),
(91, 39, '/images/product/product5e8788798ca1f.jpeg', 0, '2020-04-03 12:03:21', '2020-04-03 12:03:21'),
(92, 39, '/images/product/product5e8788798d734.jpeg', 0, '2020-04-03 12:03:21', '2020-04-03 12:03:21'),
(93, 38, '/images/product/product5e878888ee8f1.jpeg', 1, '2020-04-03 12:03:36', '2020-04-03 12:03:36'),
(94, 38, '/images/product/product5e878888ef769.jpeg', 0, '2020-04-03 12:03:36', '2020-04-03 12:03:36'),
(95, 38, '/images/product/product5e878888f0445.jpeg', 0, '2020-04-03 12:03:36', '2020-04-03 12:03:36'),
(96, 38, '/images/product/product5e878888f121a.jpeg', 0, '2020-04-03 12:03:36', '2020-04-03 12:03:36'),
(97, 37, '/images/product/product5e8788a0c7fe5.jpeg', 1, '2020-04-03 12:04:00', '2020-04-03 12:04:00'),
(98, 37, '/images/product/product5e8788a0c8d57.jpeg', 0, '2020-04-03 12:04:00', '2020-04-03 12:04:00'),
(99, 37, '/images/product/product5e8788a0ca0dd.jpeg', 0, '2020-04-03 12:04:00', '2020-04-03 12:04:00'),
(100, 37, '/images/product/product5e8788a0cadef.jpeg', 0, '2020-04-03 12:04:00', '2020-04-03 12:04:00'),
(101, 36, '/images/product/product5e8788b052547.jpeg', 1, '2020-04-03 12:04:16', '2020-04-03 12:04:16'),
(102, 36, '/images/product/product5e8788b053403.jpeg', 0, '2020-04-03 12:04:16', '2020-04-03 12:04:16'),
(103, 36, '/images/product/product5e8788b054163.jpeg', 0, '2020-04-03 12:04:16', '2020-04-03 12:04:16'),
(104, 36, '/images/product/product5e8788b054d56.jpeg', 0, '2020-04-03 12:04:16', '2020-04-03 12:04:16'),
(105, 35, '/images/product/product5e8788c2ac9f1.jpeg', 1, '2020-04-03 12:04:34', '2020-04-03 12:04:34'),
(106, 35, '/images/product/product5e8788c2c45a1.jpeg', 0, '2020-04-03 12:04:34', '2020-04-03 12:04:34'),
(107, 35, '/images/product/product5e8788c2c561c.jpeg', 0, '2020-04-03 12:04:34', '2020-04-03 12:04:34'),
(108, 35, '/images/product/product5e8788c2c65a4.jpeg', 0, '2020-04-03 12:04:34', '2020-04-03 12:04:34'),
(109, 34, '/images/product/product5e8788d48a39e.jpeg', 1, '2020-04-03 12:04:52', '2020-04-03 12:04:52'),
(110, 34, '/images/product/product5e8788d48b335.jpeg', 0, '2020-04-03 12:04:52', '2020-04-03 12:04:52'),
(111, 34, '/images/product/product5e8788d48be64.jpeg', 0, '2020-04-03 12:04:52', '2020-04-03 12:04:52'),
(112, 34, '/images/product/product5e8788d48ca75.jpeg', 0, '2020-04-03 12:04:52', '2020-04-03 12:04:52'),
(113, 33, '/images/product/product5e8788ec6b8d5.jpeg', 1, '2020-04-03 12:05:16', '2020-04-03 12:05:16'),
(114, 33, '/images/product/product5e8788ec6c67f.jpeg', 0, '2020-04-03 12:05:16', '2020-04-03 12:05:16'),
(115, 33, '/images/product/product5e8788ec6d3a4.jpeg', 0, '2020-04-03 12:05:16', '2020-04-03 12:05:16'),
(116, 33, '/images/product/product5e8788ec6deb0.jpeg', 0, '2020-04-03 12:05:16', '2020-04-03 12:05:16'),
(117, 32, '/images/product/product5e8788fca55ee.jpeg', 1, '2020-04-03 12:05:32', '2020-04-03 12:05:32'),
(118, 32, '/images/product/product5e8788fca62c8.jpeg', 0, '2020-04-03 12:05:32', '2020-04-03 12:05:32'),
(119, 32, '/images/product/product5e8788fca6ba5.jpeg', 0, '2020-04-03 12:05:32', '2020-04-03 12:05:32'),
(120, 32, '/images/product/product5e8788fca764c.jpeg', 0, '2020-04-03 12:05:32', '2020-04-03 12:05:32'),
(121, 31, '/images/product/product5e87890da23ff.jpeg', 1, '2020-04-03 12:05:49', '2020-04-03 12:05:49'),
(122, 31, '/images/product/product5e87890da34b1.jpeg', 0, '2020-04-03 12:05:49', '2020-04-03 12:05:49'),
(123, 31, '/images/product/product5e87890da3fca.jpeg', 0, '2020-04-03 12:05:49', '2020-04-03 12:05:49'),
(124, 31, '/images/product/product5e87890da4aab.jpeg', 0, '2020-04-03 12:05:49', '2020-04-03 12:05:49'),
(125, 30, '/images/product/product5e878930ea54a.jpeg', 1, '2020-04-03 12:06:24', '2020-04-03 12:06:24'),
(126, 30, '/images/product/product5e878930eb179.jpeg', 0, '2020-04-03 12:06:24', '2020-04-03 12:06:24'),
(127, 30, '/images/product/product5e878930eba8b.jpeg', 0, '2020-04-03 12:06:24', '2020-04-03 12:06:24'),
(128, 30, '/images/product/product5e878930ec5f7.jpeg', 0, '2020-04-03 12:06:24', '2020-04-03 12:06:24'),
(129, 29, '/images/product/product5e87894f6da3f.jpeg', 1, '2020-04-03 12:06:55', '2020-04-03 12:06:55'),
(130, 29, '/images/product/product5e87894f6eb66.jpeg', 0, '2020-04-03 12:06:55', '2020-04-03 12:06:55'),
(131, 29, '/images/product/product5e87894f6f720.jpeg', 0, '2020-04-03 12:06:55', '2020-04-03 12:06:55'),
(132, 29, '/images/product/product5e87894f7003d.jpeg', 0, '2020-04-03 12:06:55', '2020-04-03 12:06:55'),
(133, 28, '/images/product/product5e87895d1d698.jpeg', 1, '2020-04-03 12:07:09', '2020-04-03 12:07:09'),
(134, 28, '/images/product/product5e87895d1e54d.jpeg', 0, '2020-04-03 12:07:09', '2020-04-03 12:07:09'),
(135, 28, '/images/product/product5e87895d1f20b.jpeg', 0, '2020-04-03 12:07:09', '2020-04-03 12:07:09'),
(136, 28, '/images/product/product5e87895d1fd56.jpeg', 0, '2020-04-03 12:07:09', '2020-04-03 12:07:09'),
(137, 27, '/images/product/product5e8789711b6a1.jpeg', 1, '2020-04-03 12:07:29', '2020-04-03 12:07:29'),
(138, 27, '/images/product/product5e8789711c2cc.jpeg', 0, '2020-04-03 12:07:29', '2020-04-03 12:07:29'),
(139, 27, '/images/product/product5e8789711d25c.jpeg', 0, '2020-04-03 12:07:29', '2020-04-03 12:07:29'),
(140, 27, '/images/product/product5e8789711df27.jpeg', 0, '2020-04-03 12:07:29', '2020-04-03 12:07:29'),
(141, 26, '/images/product/product5e87897e11f3a.jpeg', 1, '2020-04-03 12:07:42', '2020-04-03 12:07:42'),
(142, 26, '/images/product/product5e87897e12de1.jpeg', 0, '2020-04-03 12:07:42', '2020-04-03 12:07:42'),
(143, 26, '/images/product/product5e87897e139df.jpeg', 0, '2020-04-03 12:07:42', '2020-04-03 12:07:42'),
(144, 26, '/images/product/product5e87897e14483.jpeg', 0, '2020-04-03 12:07:42', '2020-04-03 12:07:42'),
(145, 25, '/images/product/product5e87898b5b409.jpeg', 1, '2020-04-03 12:07:55', '2020-04-03 12:07:55'),
(146, 25, '/images/product/product5e87898b5c2a2.jpeg', 0, '2020-04-03 12:07:55', '2020-04-03 12:07:55'),
(147, 25, '/images/product/product5e87898b5cfca.jpeg', 0, '2020-04-03 12:07:55', '2020-04-03 12:07:55'),
(148, 25, '/images/product/product5e87898b5ea25.jpeg', 0, '2020-04-03 12:07:55', '2020-04-03 12:07:55'),
(149, 24, '/images/product/product5e878999e6268.jpeg', 1, '2020-04-03 12:08:09', '2020-04-03 12:08:09'),
(150, 24, '/images/product/product5e878999e7134.jpeg', 0, '2020-04-03 12:08:09', '2020-04-03 12:08:09'),
(151, 24, '/images/product/product5e878999e7f04.jpeg', 0, '2020-04-03 12:08:09', '2020-04-03 12:08:09'),
(152, 24, '/images/product/product5e878999e8a40.jpeg', 0, '2020-04-03 12:08:09', '2020-04-03 12:08:09'),
(153, 23, '/images/product/product5e8789a854888.jpeg', 1, '2020-04-03 12:08:24', '2020-04-03 12:08:24'),
(154, 23, '/images/product/product5e8789a85566d.jpeg', 0, '2020-04-03 12:08:24', '2020-04-03 12:08:24'),
(155, 23, '/images/product/product5e8789a856123.jpeg', 0, '2020-04-03 12:08:24', '2020-04-03 12:08:24'),
(156, 23, '/images/product/product5e8789a856b9e.jpeg', 0, '2020-04-03 12:08:24', '2020-04-03 12:08:24'),
(157, 21, '/images/product/product5e8789c2c69e2.jpeg', 1, '2020-04-03 12:08:50', '2020-04-03 12:08:50'),
(158, 21, '/images/product/product5e8789c2c7892.jpeg', 0, '2020-04-03 12:08:50', '2020-04-03 12:08:50'),
(159, 21, '/images/product/product5e8789c2c82e6.jpeg', 0, '2020-04-03 12:08:50', '2020-04-03 12:08:50'),
(160, 21, '/images/product/product5e8789c2c8d23.jpeg', 0, '2020-04-03 12:08:50', '2020-04-03 12:08:50'),
(165, 20, '/images/product/product5e8789f269ea9.jpeg', 1, '2020-04-03 12:09:38', '2020-04-03 12:09:38'),
(166, 20, '/images/product/product5e8789f26aad8.jpeg', 0, '2020-04-03 12:09:38', '2020-04-03 12:09:38'),
(167, 20, '/images/product/product5e8789f26b54d.jpeg', 0, '2020-04-03 12:09:38', '2020-04-03 12:09:38'),
(168, 20, '/images/product/product5e8789f26df20.jpeg', 0, '2020-04-03 12:09:38', '2020-04-03 12:09:38'),
(169, 19, '/images/product/product5e878a0310632.jpeg', 1, '2020-04-03 12:09:55', '2020-04-03 12:09:55'),
(170, 19, '/images/product/product5e878a0312d57.jpeg', 0, '2020-04-03 12:09:55', '2020-04-03 12:09:55'),
(171, 19, '/images/product/product5e878a03137c9.jpeg', 0, '2020-04-03 12:09:55', '2020-04-03 12:09:55'),
(172, 19, '/images/product/product5e878a031442e.jpeg', 0, '2020-04-03 12:09:55', '2020-04-03 12:09:55'),
(173, 18, '/images/product/product5e878a120ea59.jpeg', 1, '2020-04-03 12:10:10', '2020-04-03 12:10:10'),
(174, 18, '/images/product/product5e878a120f85f.jpeg', 0, '2020-04-03 12:10:10', '2020-04-03 12:10:10'),
(175, 18, '/images/product/product5e878a1210379.jpeg', 0, '2020-04-03 12:10:10', '2020-04-03 12:10:10'),
(176, 18, '/images/product/product5e878a1210c5b.jpeg', 0, '2020-04-03 12:10:10', '2020-04-03 12:10:10'),
(177, 17, '/images/product/product5e878a1fd18bf.jpeg', 1, '2020-04-03 12:10:23', '2020-04-03 12:10:23'),
(178, 17, '/images/product/product5e878a1fd28bd.jpeg', 0, '2020-04-03 12:10:23', '2020-04-03 12:10:23'),
(179, 17, '/images/product/product5e878a1fd334d.jpeg', 0, '2020-04-03 12:10:23', '2020-04-03 12:10:23'),
(180, 17, '/images/product/product5e878a1fd3e12.jpeg', 0, '2020-04-03 12:10:23', '2020-04-03 12:10:23'),
(181, 16, '/images/product/product5e878a2c3f224.jpeg', 1, '2020-04-03 12:10:36', '2020-04-03 12:10:36'),
(182, 16, '/images/product/product5e878a2c401c9.jpeg', 0, '2020-04-03 12:10:36', '2020-04-03 12:10:36'),
(183, 16, '/images/product/product5e878a2c40ee0.jpeg', 0, '2020-04-03 12:10:36', '2020-04-03 12:10:36'),
(184, 16, '/images/product/product5e878a2c419d7.jpeg', 0, '2020-04-03 12:10:36', '2020-04-03 12:10:36'),
(185, 15, '/images/product/product5e878a3a07949.jpeg', 1, '2020-04-03 12:10:50', '2020-04-03 12:10:50'),
(186, 15, '/images/product/product5e878a3a08a72.jpeg', 0, '2020-04-03 12:10:50', '2020-04-03 12:10:50'),
(187, 15, '/images/product/product5e878a3a09758.jpeg', 0, '2020-04-03 12:10:50', '2020-04-03 12:10:50'),
(188, 15, '/images/product/product5e878a3a0a27f.jpeg', 0, '2020-04-03 12:10:50', '2020-04-03 12:10:50'),
(189, 14, '/images/product/product5e878a4ac73e6.jpeg', 1, '2020-04-03 12:11:06', '2020-04-03 12:11:06'),
(190, 14, '/images/product/product5e878a4ac82fd.jpeg', 0, '2020-04-03 12:11:06', '2020-04-03 12:11:06'),
(191, 14, '/images/product/product5e878a4ac8e5a.jpeg', 0, '2020-04-03 12:11:06', '2020-04-03 12:11:06'),
(192, 14, '/images/product/product5e878a4ac98df.jpeg', 0, '2020-04-03 12:11:06', '2020-04-03 12:11:06'),
(193, 12, '/images/product/product5e878a67e9493.jpeg', 1, '2020-04-03 12:11:35', '2020-04-03 12:11:35'),
(194, 12, '/images/product/product5e878a67ea0c7.jpeg', 0, '2020-04-03 12:11:35', '2020-04-03 12:11:35'),
(195, 12, '/images/product/product5e878a67ea9e2.jpeg', 0, '2020-04-03 12:11:35', '2020-04-03 12:11:35'),
(196, 12, '/images/product/product5e878a67eb65b.jpeg', 0, '2020-04-03 12:11:35', '2020-04-03 12:11:35'),
(197, 11, '/images/product/product5e878a73ed195.jpeg', 1, '2020-04-03 12:11:47', '2020-04-03 12:11:47'),
(198, 11, '/images/product/product5e878a73edfde.jpeg', 0, '2020-04-03 12:11:47', '2020-04-03 12:11:47'),
(199, 11, '/images/product/product5e878a73eea91.jpeg', 0, '2020-04-03 12:11:47', '2020-04-03 12:11:47'),
(200, 11, '/images/product/product5e878a73ef570.jpeg', 0, '2020-04-03 12:11:47', '2020-04-03 12:11:47'),
(201, 10, '/images/product/product5e878a80993ee.jpeg', 1, '2020-04-03 12:12:00', '2020-04-03 12:12:00'),
(202, 10, '/images/product/product5e878a809a2ab.jpeg', 0, '2020-04-03 12:12:00', '2020-04-03 12:12:00'),
(203, 10, '/images/product/product5e878a809af72.jpeg', 0, '2020-04-03 12:12:00', '2020-04-03 12:12:00'),
(204, 10, '/images/product/product5e878a809bafd.jpeg', 0, '2020-04-03 12:12:00', '2020-04-03 12:12:00'),
(205, 9, '/images/product/product5e878a8be25aa.jpeg', 1, '2020-04-03 12:12:11', '2020-04-03 12:12:11'),
(206, 9, '/images/product/product5e878a8be32bd.jpeg', 0, '2020-04-03 12:12:11', '2020-04-03 12:12:11'),
(207, 9, '/images/product/product5e878a8be3dfc.jpeg', 0, '2020-04-03 12:12:11', '2020-04-03 12:12:11'),
(208, 9, '/images/product/product5e878a8be4802.jpeg', 0, '2020-04-03 12:12:11', '2020-04-03 12:12:11'),
(209, 8, '/images/product/product5e878a97281f1.jpeg', 1, '2020-04-03 12:12:23', '2020-04-03 12:12:23'),
(210, 8, '/images/product/product5e878a9729120.jpeg', 0, '2020-04-03 12:12:23', '2020-04-03 12:12:23'),
(211, 8, '/images/product/product5e878a9729e5e.jpeg', 0, '2020-04-03 12:12:23', '2020-04-03 12:12:23'),
(212, 8, '/images/product/product5e878a972ac21.jpeg', 0, '2020-04-03 12:12:23', '2020-04-03 12:12:23'),
(213, 7, '/images/product/product5e878aa968c6f.jpeg', 1, '2020-04-03 12:12:41', '2020-04-03 12:12:41'),
(214, 7, '/images/product/product5e878aa969d29.jpeg', 0, '2020-04-03 12:12:41', '2020-04-03 12:12:41'),
(215, 7, '/images/product/product5e878aa96a977.jpeg', 0, '2020-04-03 12:12:41', '2020-04-03 12:12:41'),
(216, 7, '/images/product/product5e878aa96b466.jpeg', 0, '2020-04-03 12:12:41', '2020-04-03 12:12:41'),
(217, 6, '/images/product/product5e878ab7c305c.jpeg', 1, '2020-04-03 12:12:55', '2020-04-03 12:12:55'),
(218, 6, '/images/product/product5e878ab7c3f99.jpeg', 0, '2020-04-03 12:12:55', '2020-04-03 12:12:55'),
(219, 6, '/images/product/product5e878ab7c4a2d.jpeg', 0, '2020-04-03 12:12:55', '2020-04-03 12:12:55'),
(220, 6, '/images/product/product5e878ab7c54ad.jpeg', 0, '2020-04-03 12:12:55', '2020-04-03 12:12:55'),
(221, 5, '/images/product/product5e878ac5c34dd.jpeg', 1, '2020-04-03 12:13:09', '2020-04-03 12:13:09'),
(222, 5, '/images/product/product5e878ac5c43d7.jpeg', 0, '2020-04-03 12:13:09', '2020-04-03 12:13:09'),
(223, 5, '/images/product/product5e878ac5c503f.jpeg', 0, '2020-04-03 12:13:09', '2020-04-03 12:13:09'),
(224, 5, '/images/product/product5e878ac5c59f4.jpeg', 0, '2020-04-03 12:13:09', '2020-04-03 12:13:09'),
(225, 4, '/images/product/product5e878ad3262b3.jpeg', 1, '2020-04-03 12:13:23', '2020-04-03 12:13:23'),
(226, 4, '/images/product/product5e878ad3272e5.jpeg', 0, '2020-04-03 12:13:23', '2020-04-03 12:13:23'),
(227, 4, '/images/product/product5e878ad327de3.jpeg', 0, '2020-04-03 12:13:23', '2020-04-03 12:13:23'),
(228, 4, '/images/product/product5e878ad328a2a.jpeg', 0, '2020-04-03 12:13:23', '2020-04-03 12:13:23'),
(229, 3, '/images/product/product5e878ae05149a.jpeg', 1, '2020-04-03 12:13:36', '2020-04-03 12:13:36'),
(230, 3, '/images/product/product5e878ae052250.jpeg', 0, '2020-04-03 12:13:36', '2020-04-03 12:13:36'),
(231, 3, '/images/product/product5e878ae052d50.jpeg', 0, '2020-04-03 12:13:36', '2020-04-03 12:13:36'),
(232, 3, '/images/product/product5e878ae053ab0.jpeg', 0, '2020-04-03 12:13:36', '2020-04-03 12:13:36'),
(233, 2, '/images/product/product5e878aecb888e.jpeg', 1, '2020-04-03 12:13:48', '2020-04-03 12:13:49'),
(234, 2, '/images/product/product5e878aece716e.jpeg', 0, '2020-04-03 12:13:48', '2020-04-03 12:13:48'),
(235, 2, '/images/product/product5e878aed118df.jpeg', 0, '2020-04-03 12:13:49', '2020-04-03 12:13:49'),
(236, 2, '/images/product/product5e878aed3f1a4.jpeg', 0, '2020-04-03 12:13:49', '2020-04-03 12:13:49'),
(237, 1, '/images/product/product5e878afd0d8d3.jpeg', 1, '2020-04-03 12:14:05', '2020-04-03 12:14:05'),
(238, 1, '/images/product/product5e878afd0e792.jpeg', 0, '2020-04-03 12:14:05', '2020-04-03 12:14:05'),
(239, 1, '/images/product/product5e878afd0f52e.jpeg', 0, '2020-04-03 12:14:05', '2020-04-03 12:14:05'),
(240, 1, '/images/product/product5e878afd10117.jpeg', 0, '2020-04-03 12:14:05', '2020-04-03 12:14:05'),
(241, 13, '/images/product/product5e878b47ad5d6.jpeg', 1, '2020-04-03 12:15:19', '2020-04-03 12:15:19'),
(242, 13, '/images/product/product5e878b47ae3a5.jpeg', 0, '2020-04-03 12:15:19', '2020-04-03 12:15:19'),
(243, 13, '/images/product/product5e878b47af05d.jpeg', 0, '2020-04-03 12:15:19', '2020-04-03 12:15:19'),
(244, 13, '/images/product/product5e878b47afb6a.jpeg', 0, '2020-04-03 12:15:19', '2020-04-03 12:15:19'),
(245, 22, '/images/product/product5e878b87e6d9d.jpeg', 1, '2020-04-03 12:16:23', '2020-04-03 12:16:23'),
(246, 22, '/images/product/product5e878b87e7cce.jpeg', 0, '2020-04-03 12:16:23', '2020-04-03 12:16:23'),
(247, 22, '/images/product/product5e878b87e8a39.jpeg', 0, '2020-04-03 12:16:23', '2020-04-03 12:16:23'),
(248, 22, '/images/product/product5e878b87e9707.jpeg', 0, '2020-04-03 12:16:23', '2020-04-03 12:16:23');

-- --------------------------------------------------------

--
-- Cấu trúc bảng cho bảng `migrations`
--

CREATE TABLE `migrations` (
  `id` int UNSIGNED NOT NULL,
  `migration` varchar(255) COLLATE utf8mb4_unicode_ci NOT NULL,
  `batch` int NOT NULL
) ENGINE=InnoDB DEFAULT CHARSET=utf8mb4 COLLATE=utf8mb4_unicode_ci;

--
-- Đang đổ dữ liệu cho bảng `migrations`
--

INSERT INTO `migrations` (`id`, `migration`, `batch`) VALUES
(1, '2014_10_12_000000_create_users_table', 1),
(2, '2014_10_12_100000_create_password_resets_table', 1),
(3, '2019_08_19_000000_create_failed_jobs_table', 1),
(4, '2020_02_19_154118_create_categories_table', 1),
(5, '2020_02_20_024455_create_products_table', 1),
(6, '2020_02_20_031542_create_images_table', 1),
(7, '2020_02_20_031555_create_orders_table', 1),
(8, '2020_02_20_031602_create_roles_table', 1),
(9, '2020_02_20_032507_create_order_detail_table', 1),
(10, '2020_03_03_153720_create_sizes_table', 1),
(11, '2020_03_03_163824_create_product_size_table', 1),
(12, '2020_03_04_145802_create_colors_table', 1),
(13, '2020_03_05_021656_create_color_product_table', 1),
(14, '2020_03_05_143108_create_comments_table', 1),
(15, '2020_03_06_022039_create_withlists_table', 1);

-- --------------------------------------------------------

--
-- Cấu trúc bảng cho bảng `orders`
--

CREATE TABLE `orders` (
  `id` bigint UNSIGNED NOT NULL,
  `user_id` bigint DEFAULT NULL,
  `name` varchar(255) COLLATE utf8mb4_unicode_ci DEFAULT NULL,
  `phone` varchar(255) COLLATE utf8mb4_unicode_ci DEFAULT NULL,
  `address` varchar(255) COLLATE utf8mb4_unicode_ci DEFAULT NULL,
  `email` varchar(255) COLLATE utf8mb4_unicode_ci DEFAULT NULL,
  `total_price` int UNSIGNED DEFAULT NULL,
  `note` text COLLATE utf8mb4_unicode_ci,
  `status` tinyint NOT NULL DEFAULT '0',
  `created_at` timestamp NULL DEFAULT NULL,
  `updated_at` timestamp NULL DEFAULT NULL
) ENGINE=InnoDB DEFAULT CHARSET=utf8mb4 COLLATE=utf8mb4_unicode_ci;

-- --------------------------------------------------------

--
-- Cấu trúc bảng cho bảng `order_detail`
--

CREATE TABLE `order_detail` (
  `id` bigint UNSIGNED NOT NULL,
  `product_id` bigint DEFAULT NULL,
  `order_id` bigint DEFAULT NULL,
  `quantity` int UNSIGNED DEFAULT NULL,
  `price` int UNSIGNED DEFAULT NULL,
  `size` varchar(255) COLLATE utf8mb4_unicode_ci DEFAULT NULL,
  `color` varchar(255) COLLATE utf8mb4_unicode_ci DEFAULT NULL,
  `created_at` timestamp NULL DEFAULT NULL,
  `updated_at` timestamp NULL DEFAULT NULL
) ENGINE=InnoDB DEFAULT CHARSET=utf8mb4 COLLATE=utf8mb4_unicode_ci;

-- --------------------------------------------------------

--
-- Cấu trúc bảng cho bảng `password_resets`
--

CREATE TABLE `password_resets` (
  `email` varchar(255) COLLATE utf8mb4_unicode_ci NOT NULL,
  `token` varchar(255) COLLATE utf8mb4_unicode_ci NOT NULL,
  `created_at` timestamp NULL DEFAULT NULL
) ENGINE=InnoDB DEFAULT CHARSET=utf8mb4 COLLATE=utf8mb4_unicode_ci;

-- --------------------------------------------------------

--
-- Cấu trúc bảng cho bảng `products`
--

CREATE TABLE `products` (
  `id` bigint UNSIGNED NOT NULL,
  `category_id` bigint DEFAULT NULL,
  `name` varchar(255) COLLATE utf8mb4_unicode_ci DEFAULT NULL,
  `product_code` varchar(255) COLLATE utf8mb4_unicode_ci DEFAULT NULL,
  `price` int UNSIGNED DEFAULT NULL,
  `price_sale` int UNSIGNED DEFAULT NULL,
  `quantity` int UNSIGNED DEFAULT NULL,
  `is_highlight` tinyint(1) DEFAULT '0',
  `detail` text COLLATE utf8mb4_unicode_ci,
  `description` text COLLATE utf8mb4_unicode_ci,
  `created_at` timestamp NULL DEFAULT NULL,
  `updated_at` timestamp NULL DEFAULT NULL
) ENGINE=InnoDB DEFAULT CHARSET=utf8mb4 COLLATE=utf8mb4_unicode_ci;

--
-- Đang đổ dữ liệu cho bảng `products`
--

INSERT INTO `products` (`id`, `category_id`, `name`, `product_code`, `price`, `price_sale`, `quantity`, `is_highlight`, `detail`, `description`, `created_at`, `updated_at`) VALUES
(1, 2, 'Laboriosam.', 'PrdM0', 548584, 448805, 15, 1, 'Numquam nisi eligendi eveniet corrupti in. Ut tenetur consectetur et dignissimos qui quia. Sapiente maxime qui animi ipsum quo ipsa asperiores autem.', 'Est quasi recusandae illum eos sunt. Hic fugiat error veniam aliquid illo. Illum velit repellendus est rerum omnis quia perspiciatis. Omnis sit non voluptatem. Eaque minus molestiae excepturi sit laborum deserunt. Quibusdam est animi ut reiciendis. Ullam id sunt cupiditate cumque et. Voluptatem quis exercitationem totam saepe impedit vitae.', '2020-04-03 11:36:25', '2020-04-03 12:14:05'),
(2, 1, 'Laborum.', 'PrdM1', 856225, 689484, 260, 1, 'Tenetur id accusamus similique beatae neque inventore ut. Rerum sed voluptas et neque a vero. Non aut similique voluptas et aut adipisci dolores laudantium. Eos et facilis sed vel est modi.', 'Dolor perspiciatis mollitia nemo veniam quos. Nihil et et debitis deleniti aut fugiat. Fugit voluptatem doloremque veniam ut. Quia dignissimos qui quo dolorem non est aut. Aut aut impedit iusto et eligendi quis minus. Error reiciendis sed cupiditate dicta velit. Placeat id voluptatem nesciunt maiores saepe quam non. Quos incidunt dolorem praesentium qui ut et qui. Aut odio ex at ipsum non reprehenderit hic. Asperiores et aut minima vel. Provident doloribus ipsam commodi esse voluptatem.', '2020-04-03 11:36:25', '2020-04-03 11:36:25'),
(3, 1, 'Perferendis.', 'PrdM2', 278515, 198564, 43, 0, 'Nisi dolorem neque adipisci consequatur ipsam sit illo. Vero dolore odit officia repellendus blanditiis odio. Aspernatur et maiores dolor quae sit. Qui nostrum tempora eos praesentium.', 'Exercitationem eos in odit sequi. Illo iusto illum distinctio tempore ipsum aut aut. Earum aliquid et ratione eaque sit. Fugiat quidem soluta ea officia blanditiis non. Nihil sunt magni quia placeat consequatur et. Repellendus commodi illum tenetur non dolorem repellendus. Est dolorum voluptas veritatis enim suscipit. Aut iure excepturi quam reiciendis.', '2020-04-03 11:36:25', '2020-04-03 11:36:25'),
(4, 1, 'Dignissimos.', 'PrdM3', 805789, 165100, 186, 1, 'Sunt molestiae voluptatem ipsum. Nulla voluptas repudiandae voluptatem sunt dolore eos nihil. Unde et dolor doloribus aut. Qui eius pariatur ex sit pariatur.', 'Error similique sit aut fugit eligendi perferendis. Quasi quod reprehenderit dolores blanditiis. Aut non vitae beatae inventore ut. Et in architecto eaque dolorem error velit. Optio dolor qui rem quisquam. Sint eligendi qui perferendis veritatis omnis eum. Quas quam voluptas omnis architecto enim. Corrupti voluptas deleniti possimus natus et. Delectus voluptas voluptate dolores sint quia sequi expedita.', '2020-04-03 11:36:25', '2020-04-03 11:36:25'),
(5, 1, 'Culpa quia.', 'PrdM4', 670195, 228804, 150, 0, 'Error enim molestiae eum natus. Accusantium maxime aut molestiae fuga natus sed quos. Dicta ex quasi odio et id. Iusto labore tempore quod libero velit repudiandae.', 'Amet mollitia nulla officiis architecto dolorem. Cum ipsa quasi aliquid reiciendis eum. Dolores corporis sunt amet pariatur in qui corrupti totam. A ipsam et facilis repudiandae dolorem ipsam maxime. Dolorum nesciunt odit voluptatem corporis. Mollitia quia autem qui qui provident omnis molestiae. Et et et accusantium quam hic doloribus voluptate. Dicta quisquam animi vel reiciendis magnam.', '2020-04-03 11:36:25', '2020-04-03 11:36:25'),
(6, 1, 'Maxime.', 'PrdM5', 529421, 510189, 160, 1, 'Repellat perferendis consectetur suscipit non nisi molestiae fugit beatae. Ab facere qui dolorem suscipit. Impedit maxime earum veniam explicabo esse. Cum qui eos et quos explicabo consequatur.', 'Error impedit nesciunt omnis non corrupti voluptate. Nobis possimus eos aliquam. Est dolore ipsa et ipsa laboriosam quo. Quae nemo assumenda expedita qui optio. At et modi dolorem. Dolores ea est qui. Iste sequi incidunt repellendus minus quia et aut dicta. Eum odio voluptatem omnis optio earum sint. Omnis quis non blanditiis aperiam quas iste. Et soluta vel quis aut voluptatibus perferendis nobis.', '2020-04-03 11:36:25', '2020-04-03 11:36:25'),
(7, 1, 'Recusandae.', 'PrdM6', 562242, 409036, 124, 1, 'Fugit consequatur quia sunt dignissimos hic non. Qui inventore similique est. Ea fugiat voluptatem modi quod tempore occaecati. Est ratione saepe sint et tempore ut qui et.', 'Aut consequuntur rem illum reprehenderit placeat dignissimos earum. Nulla aspernatur mollitia et dolorum velit itaque molestias. Quia qui consequatur adipisci nihil. Distinctio distinctio pariatur soluta fugiat fugiat atque est. Et voluptas reprehenderit quia enim fugiat. Ut aut sed dolorem temporibus qui quia exercitationem.', '2020-04-03 11:36:25', '2020-04-03 11:36:25'),
(8, 1, 'Et consequatur.', 'PrdM7', 261591, 103624, 77, 0, 'Dolorem voluptatem eligendi ut accusamus error officiis. Ea nihil quisquam adipisci qui voluptatem.', 'Consequatur officiis sed a expedita accusamus assumenda. Nemo voluptas animi iusto dolorem tempora asperiores impedit. Velit aut est dolore voluptates perferendis repellat velit quia. Facere est reprehenderit consectetur et id adipisci beatae. Accusantium nesciunt excepturi nobis iure alias quia. Reiciendis asperiores ipsum quis. Autem quibusdam autem inventore recusandae exercitationem consectetur sint. Omnis velit error doloremque amet excepturi.', '2020-04-03 11:36:25', '2020-04-03 11:36:25'),
(9, 1, 'Nostrum.', 'PrdM8', 467058, 383715, 263, 1, 'Non error error odio qui architecto. Unde ea eos expedita necessitatibus deleniti sit. Ut et deleniti voluptatum quae possimus vel ea. Fuga perspiciatis impedit et nulla ut.', 'Voluptatem facilis quia est facere voluptas asperiores id architecto. Ipsam in blanditiis harum sequi quia sunt ab. Labore vel quasi et et iusto quasi placeat. Reprehenderit distinctio sunt saepe qui blanditiis in doloribus aspernatur. Quis veritatis vel ut assumenda sed fuga. Omnis quam vel assumenda qui iste. Et repellat nisi odit provident assumenda voluptatem eum. At repellat doloremque illo.', '2020-04-03 11:36:25', '2020-04-03 11:36:25'),
(10, 1, 'Veritatis.', 'PrdM9', 607246, 317047, 177, 1, 'Illo beatae eaque qui voluptas excepturi et. Qui aut facilis architecto magnam. Non sint voluptas velit qui dicta autem sint. Voluptatem et eos debitis vel quia eaque.', 'Similique rerum et ex. Aspernatur eum et dolorem consequuntur. Nam fugit illo quas doloremque. Eum blanditiis quia aut vel. Saepe eos pariatur cupiditate numquam vitae. Veritatis quia dignissimos consequatur quo vel et. Non sit vitae quidem eius libero. Similique quis reiciendis nisi ipsum natus. Odit perferendis non minus et ad. Officiis ducimus est facere nisi officia fugiat. Numquam suscipit distinctio quae quia. Velit voluptate aliquid voluptatem itaque cum.', '2020-04-03 11:36:25', '2020-04-03 11:36:25'),
(11, 1, 'Fuga est et at.', 'PrdM10', 221792, 172147, 260, 1, 'Voluptatem quisquam unde sit corporis. Et saepe repudiandae tempora quae sint expedita. Sequi et est alias autem. Cupiditate veniam impedit et voluptatum provident commodi.', 'Sunt eaque explicabo enim quis architecto sit doloremque. Qui cum et accusantium ratione voluptas omnis consequatur. Impedit earum aut cum eveniet. Unde atque odio officia. Corrupti expedita molestiae vero aut eligendi aspernatur aut. Incidunt neque modi voluptate corrupti voluptatem. Recusandae ipsam maiores vero commodi sed. Incidunt autem perferendis ipsam quis.', '2020-04-03 11:36:25', '2020-04-03 11:36:25'),
(12, 1, 'Consequatur.', 'PrdM11', 857401, 577761, 15, 1, 'Ut qui veritatis quaerat enim nostrum in. Illum accusantium facere repellendus nihil. Explicabo ipsum molestiae minima. Qui sunt culpa rerum. Quo repellat voluptas pariatur sunt a aut.', 'Rerum nemo odit dolore quae placeat quisquam qui fugiat. Omnis sunt sunt suscipit dolores aut. Quisquam omnis voluptatem reiciendis est consequatur dignissimos earum. Rerum ea voluptate nostrum neque. Facere quia voluptatem ut. Accusantium libero porro quo neque. Quia earum nemo mollitia assumenda commodi. Consequatur recusandae ab autem architecto corporis nesciunt.', '2020-04-03 11:36:25', '2020-04-03 11:36:25'),
(13, 1, 'Ea ullam.', 'PrdM12', 606664, 593772, 217, 0, 'Optio alias nemo est molestiae quam. Ut est tempora ducimus cumque itaque aut. Exercitationem excepturi ullam repellendus eos dignissimos enim vel.', 'Itaque suscipit ipsam sed. Nihil ducimus quia in similique illum dolores. Est quas beatae sit facilis. Saepe similique voluptates aliquam rem atque et ea. Nulla ipsam voluptatibus et est. Est non sed error id dicta. Eveniet dolorem voluptas id deleniti neque. Voluptas tempore quis asperiores debitis animi. Eaque excepturi omnis ipsam corporis eos ipsa. Quis pariatur dolore eos veritatis aut nemo non. Quae aut culpa aut necessitatibus.', '2020-04-03 11:36:25', '2020-04-03 11:36:25'),
(14, 1, 'Voluptatem.', 'PrdM13', 763061, 663431, 220, 1, 'Ea voluptatem amet expedita id enim cupiditate quod vel. Est optio eos aliquam assumenda excepturi asperiores eum. Molestiae iusto fugiat inventore voluptas nisi.', 'Nihil rem reiciendis aut fugit at ipsam quis. Vero ducimus id ut cumque non est minima. Dignissimos neque debitis ullam aut quia ut. Nisi ut et et qui laborum non iusto. Rerum exercitationem quae similique rerum. Rerum dignissimos maiores tempora possimus ad ut. Esse distinctio et qui hic expedita sunt reiciendis. Maxime qui omnis qui ipsa. Quia et natus quasi quia ut sit omnis. Necessitatibus quo porro voluptatum sed provident nam. Ut tempora odit dolores est. Saepe sed ut quasi animi rerum.', '2020-04-03 11:36:25', '2020-04-03 11:36:25'),
(15, 1, 'Tempore omnis.', 'PrdM14', 212068, 147662, 42, 1, 'Sit nihil qui reiciendis adipisci. Quae velit excepturi in sint non et.', 'Itaque quaerat repudiandae iusto atque. Ipsa et consectetur sed adipisci sed maxime eos. Laudantium vel ullam est est soluta aut non nesciunt. Velit perferendis est magni et labore ab. Quis voluptatem et repellendus sed voluptatem. Harum error possimus quia consequatur cum omnis molestias. Veniam aut aperiam rerum id ex accusamus sint. Quod debitis omnis ea necessitatibus libero et et.', '2020-04-03 11:36:25', '2020-04-03 11:36:25'),
(16, 1, 'Ut et illo ad.', 'PrdM15', 726256, 369128, 286, 0, 'Perspiciatis aut sint possimus quo autem. Consequatur magni animi doloribus ut quia vitae. Ut ut hic sed alias nostrum atque. Doloribus quia itaque et libero aut quia.', 'Quis voluptate distinctio natus voluptas. Rerum architecto quisquam accusantium repellat. Rerum aut ut veniam voluptatum. Consequatur sed est perspiciatis accusantium autem non perferendis. Sed commodi eos alias quia maxime. Excepturi consequuntur vitae minima ratione voluptatem corrupti. Similique unde qui iusto dolor. Similique recusandae dolorum ratione numquam. Et aperiam rem eligendi facere consequuntur reprehenderit occaecati aut.', '2020-04-03 11:36:25', '2020-04-03 11:36:25'),
(17, 1, 'Rerum ut est.', 'PrdM16', 341801, 135783, 193, 0, 'Quia praesentium ipsa animi dolore eos voluptatum eius. Sit dolor omnis esse ea iure voluptatem quia. Maiores tenetur ut id maxime dolorum quisquam. Voluptate eius quia corporis sit accusamus ut.', 'Et iusto perspiciatis sit. Tempore eos qui omnis sunt repellat. Nihil perspiciatis velit deleniti dicta ea minima non. Numquam magni alias assumenda totam impedit molestiae. Corporis ea fuga eos voluptate harum ea. Esse neque eveniet deleniti assumenda minus maxime qui. Rerum asperiores quis non harum. Perspiciatis natus quidem tenetur saepe. Voluptas qui vero libero et mollitia et cum. Non eos qui voluptatibus quia itaque.', '2020-04-03 11:36:25', '2020-04-03 11:36:25'),
(18, 1, 'Dolor maiores.', 'PrdM17', 422641, 258861, 30, 1, 'Quia omnis nisi voluptates eum velit eligendi. Voluptatibus maxime voluptas occaecati eum facere quo iste. Enim autem eum assumenda. Ea distinctio saepe unde est. Maxime et maiores esse officiis.', 'Aliquid eum saepe praesentium incidunt velit. Velit quidem ipsa vel quia rerum autem. Voluptatem quasi eveniet voluptatem quos praesentium quas. Eveniet aut modi quidem voluptas doloremque corporis itaque quia. Enim quia aliquam nesciunt nobis omnis quibusdam. Nihil omnis omnis mollitia recusandae quibusdam. Et cumque aut recusandae repellat aut. Exercitationem aliquid dolor rem quis. Minus aut nostrum et necessitatibus optio eius expedita.', '2020-04-03 11:36:25', '2020-04-03 11:36:25'),
(19, 1, 'Pariatur animi.', 'PrdM18', 312930, 204329, 67, 0, 'Rerum sit consequatur placeat et corrupti quibusdam est. Est est cupiditate quia sapiente quos cum. Sed tempore sapiente sunt corrupti ipsum quaerat voluptas.', 'Cum numquam minima ea facilis. Explicabo vel id molestias reprehenderit sit est esse. Modi id laudantium iusto quibusdam. In voluptate nemo accusantium non harum sed. Dolorum alias dolorem beatae saepe similique. Qui soluta voluptas error et accusamus. Omnis a sunt expedita dolorem a incidunt. Commodi sit voluptas iure vitae inventore. Ad quidem qui libero ut aut repudiandae. Repellat earum magnam quae doloremque voluptas quisquam.', '2020-04-03 11:36:25', '2020-04-03 11:36:25'),
(20, 1, 'Molestias.', 'PrdM19', 574025, 497755, 117, 0, 'Aspernatur facere earum vel eveniet. Inventore incidunt enim totam consequatur impedit exercitationem illum. Harum repudiandae beatae alias eveniet sapiente nemo.', 'Maiores doloremque dolorem et debitis maiores quaerat officia. Enim rerum deleniti aut. Totam ad ipsa ut inventore. Voluptatum dolorem dolores et aliquam earum non enim. Ut iure ipsam dolores sunt pariatur sit. Eveniet nihil exercitationem autem et sed in. Et voluptas facere aut voluptatum. Suscipit atque aliquam maxime vero. Velit facere error ea et perferendis est laborum itaque.', '2020-04-03 11:36:25', '2020-04-03 11:36:25'),
(21, 2, 'Quia rem nihil.', 'PrdW0', 439814, 430584, 169, 0, 'Corporis inventore aut ducimus sit. Hic sit est distinctio nulla ad impedit numquam voluptas.', 'Ipsum ullam sed atque architecto. Consectetur commodi esse qui eligendi. Dolorem aut esse ratione facere. Repellat dolorem et neque facere. Exercitationem et veritatis unde ut dolorum ipsam. Totam ex qui quasi esse. Est sunt assumenda explicabo expedita quia itaque et. Voluptate cupiditate fugit sequi assumenda voluptatibus qui. Qui distinctio sit reiciendis.', '2020-04-03 11:36:25', '2020-04-03 11:36:25'),
(22, 2, 'Aut odit.', 'PrdW1', 817197, 125318, 45, 1, 'Deleniti assumenda labore dolores ea vero fugit qui. Quisquam soluta quia dolor quia. Vel esse dolore blanditiis inventore. Est autem reiciendis blanditiis ea facere animi.', 'Perferendis est animi enim quae velit. Tempore nam ut ut et voluptatem. Aut labore ut qui itaque. Consequatur quibusdam ullam necessitatibus praesentium consequatur est. Ut aut distinctio inventore est. Doloremque architecto voluptatem odit qui modi maiores nihil. Impedit et doloribus aliquid ea. Quidem earum et aperiam libero. Quam doloribus nostrum sint quis qui. Qui vitae quisquam exercitationem quisquam deleniti aut aut. Harum esse mollitia esse.', '2020-04-03 11:36:25', '2020-04-03 11:36:25'),
(23, 2, 'Rem quis quia.', 'PrdW2', 898484, 851772, 96, 1, 'Error dolores dolor a. Aut modi commodi minus culpa. Dolor et et et delectus. Tenetur harum necessitatibus et mollitia facilis saepe nemo.', 'Praesentium autem iusto sint corporis perspiciatis recusandae. Ullam voluptates iusto dignissimos. Adipisci rerum ipsa animi et possimus distinctio odio. Ex veritatis laudantium voluptas ad quaerat ratione est. Ut dolorum deserunt ducimus. Molestias ratione est earum soluta magni quod quia. Vel est aut vel magni. Ut repellat molestias ut quas possimus earum. Quod perspiciatis nihil ut delectus. Error vel amet labore voluptas aut eos.', '2020-04-03 11:36:25', '2020-04-03 11:36:25'),
(24, 2, 'Similique odio.', 'PrdW3', 983510, 610231, 25, 1, 'Error voluptatem et quisquam voluptatum. Aliquam non in sunt doloremque. Vel iure doloremque consequatur sequi eaque aut provident.', 'Possimus vero voluptatem sed consequatur cum commodi qui voluptatem. Sit est et excepturi aspernatur aperiam et ut. Minus iure ut amet est odit veniam facere cupiditate. Sunt sit temporibus omnis odio porro aut. Sint sed delectus repudiandae quidem deleniti a officia rerum. Ex vel nemo quo natus modi occaecati autem commodi. Exercitationem dolorem repellendus et non. Possimus excepturi aliquid ipsam voluptas illum tempora fugit laborum.', '2020-04-03 11:36:25', '2020-04-03 11:36:25'),
(25, 2, 'Quo alias.', 'PrdW4', 363576, 330132, 30, 0, 'Tempora nobis natus et qui deserunt. Dolor dolorem dolorem quos rerum nesciunt culpa et. Sed voluptas molestias quam dolorem perferendis et ut fuga. Ea quod voluptatum voluptas possimus sit ipsum ad.', 'Aut quisquam provident ut suscipit. Porro iusto qui reiciendis itaque numquam dignissimos. Fuga quis esse quia. Perspiciatis quia pariatur error. Et ex et autem. Id vitae alias dolorem hic vitae cumque. Nihil explicabo aut occaecati recusandae sunt. Dolore enim corporis sit enim quod et suscipit. Repudiandae voluptas accusamus placeat dolor recusandae labore voluptatem. Et qui sit eveniet repudiandae. Et nemo ea eveniet ullam sit eos. Quia placeat error minus culpa perferendis accusamus.', '2020-04-03 11:36:25', '2020-04-03 11:36:25'),
(26, 2, 'Excepturi.', 'PrdW5', 550259, 189050, 86, 1, 'Autem molestiae voluptatem doloribus non velit sunt tenetur eius. Dolore qui perferendis pariatur quibusdam rem. Laborum harum ipsa voluptatem. Maxime animi veniam est repellat.', 'Repellat id tempore voluptas possimus maiores. Voluptatum quis ipsum facere consequuntur. Inventore blanditiis qui illum beatae. Eaque eaque similique doloremque in modi possimus. Voluptatem et placeat facilis dolor harum et. Odit in illum dolores asperiores quae. Nobis pariatur totam neque sint omnis enim. Et doloremque repellat accusamus quaerat et. Similique voluptate velit quis. Odit totam unde ut qui beatae saepe eveniet. Rerum est quia praesentium aliquam in nam.', '2020-04-03 11:36:25', '2020-04-03 11:36:25'),
(27, 2, 'Beatae tempore.', 'PrdW6', 599471, 156036, 89, 1, 'Consectetur esse ut asperiores saepe cupiditate sunt magnam. Accusantium ea laborum explicabo saepe. Beatae distinctio vero quia optio. Velit omnis labore nisi aut.', 'Eum sed nisi laboriosam. Tempore consequatur consequatur dolores quasi consequatur. Iusto autem nisi illum eaque iste voluptate. Aperiam et nostrum aut eius eos velit. Asperiores sed ipsam repellendus quo. Nesciunt repellat porro fugit qui delectus quod et. Officia omnis est iusto. Nobis maiores nisi est. Accusantium incidunt doloribus sit laborum saepe amet in. Dicta consequatur quidem sit dignissimos sapiente. Placeat eos incidunt qui recusandae ut dolor voluptate.', '2020-04-03 11:36:25', '2020-04-03 11:36:25'),
(28, 2, 'Sed iure aut.', 'PrdW7', 628758, 117167, 102, 0, 'Totam optio sit dolorem porro repellat harum. Vitae exercitationem reprehenderit ad sint quia illum. Sint praesentium eos sunt sint quasi et reprehenderit. Nihil dignissimos ut nulla aut.', 'Sunt magni qui laudantium et et alias. Incidunt voluptates repellat natus omnis est facilis est omnis. Aliquid mollitia iusto rerum magnam amet voluptatibus. Ea sapiente ducimus dolor velit. Error beatae minima ea sed expedita quia quam. Officia quia nesciunt aliquam nihil necessitatibus rerum. Temporibus ut praesentium fuga nisi consequatur repellat quae harum. Dicta sunt rerum similique placeat magni veniam sapiente non.', '2020-04-03 11:36:25', '2020-04-03 11:36:25'),
(29, 2, 'Qui officiis.', 'PrdW8', 987060, 135697, 247, 1, 'Et quam doloribus fugit ducimus optio assumenda alias. Qui id architecto praesentium earum.', 'Beatae est rerum est sunt delectus. Culpa eius vel quo ipsum. Eius quia ut mollitia sapiente porro. Non necessitatibus dicta deserunt dolorem non earum. Quia non aliquid reprehenderit eum. Nemo magni iure ut et fugit voluptatem. Sequi quo dignissimos possimus ducimus sit. Velit ut sequi vel accusamus libero adipisci error. Quod omnis accusantium reiciendis veniam. Omnis sit sunt odio quos. Sunt provident dolores sint.', '2020-04-03 11:36:25', '2020-04-03 11:36:25'),
(30, 2, 'Est ad earum.', 'PrdW9', 837249, 565514, 284, 0, 'Quo ab accusantium quia nihil facilis eligendi tempora. Earum nesciunt aperiam ratione perspiciatis exercitationem. Consequatur repudiandae quo unde non.', 'Ut fugiat delectus autem quibusdam aliquam maxime. Placeat porro consequuntur sunt magnam asperiores repellat ea. Aut voluptatum et minima aut consectetur. Similique id rem autem provident quia. Tempora qui fugit ut maiores provident molestiae mollitia. Dolorem iusto autem porro quis architecto nulla. Occaecati possimus fugiat nisi est cupiditate omnis. Unde omnis expedita et.', '2020-04-03 11:36:25', '2020-04-03 11:36:25'),
(31, 2, 'Magnam facere.', 'PrdW10', 812373, 372922, 20, 0, 'Fuga qui asperiores voluptas hic non deleniti delectus qui. Reprehenderit rerum debitis architecto iste. Alias omnis inventore quia laborum non.', 'Qui reprehenderit sunt debitis hic et et amet. Magnam nam asperiores reprehenderit. Occaecati eum quia voluptatem autem. Enim nihil perferendis voluptas harum impedit. Rerum ut consequatur et. Earum accusamus eum voluptas voluptas fugiat blanditiis voluptate. Qui sint tempore aspernatur distinctio facere. Molestiae iusto fuga ea qui quas repudiandae. Expedita labore sint cumque blanditiis magni itaque.', '2020-04-03 11:36:25', '2020-04-03 11:36:25'),
(32, 2, 'Voluptatem id.', 'PrdW11', 273147, 107106, 133, 0, 'Nihil soluta ut non eaque illum repellendus dicta. Itaque magnam consequatur eveniet quasi. Ipsa at excepturi tempore qui culpa est. Ut in quis et.', 'Dolore omnis unde amet omnis laborum. Ipsam id velit nesciunt voluptatem ut. Perferendis aspernatur vitae exercitationem voluptatibus non. Nemo tempora cupiditate harum. Dolor ut omnis nemo quo reprehenderit. Occaecati non nam cupiditate inventore aspernatur repellendus occaecati. Sapiente explicabo molestias consequatur est saepe rerum et. Sit nam optio corrupti exercitationem quia. Totam eos quis tempore. Velit sit quod dolor. Veritatis sequi consequatur saepe nesciunt.', '2020-04-03 11:36:25', '2020-04-03 11:36:25'),
(33, 2, 'Eum doloremque.', 'PrdW12', 877966, 427450, 250, 1, 'Et eos et similique quod at. Facilis iusto tempora laborum praesentium aut eum. Similique autem vel exercitationem molestiae. Similique similique nihil voluptas saepe dolor.', 'Et amet saepe rerum dolorem adipisci quibusdam odit. Tempora est ipsam praesentium minima dolorem repudiandae. Minus qui tenetur commodi minima consectetur ut. Quam inventore voluptatum est minus. Eum quam soluta quas cupiditate asperiores sunt ex. Saepe soluta et vero vero magnam. Doloremque dolorem nam et nam ut. Provident fuga veniam sint qui ut voluptas. Odio qui aliquid sunt debitis ipsum nisi. Cupiditate commodi harum non rerum ad suscipit.', '2020-04-03 11:36:25', '2020-04-03 11:36:25'),
(34, 2, 'Quam corporis.', 'PrdW13', 649777, 432998, 212, 0, 'Voluptatem aut ea aspernatur inventore adipisci repellat. Optio et tempore eos voluptatum quae mollitia. Exercitationem eligendi distinctio occaecati nihil provident quasi. Velit et dolor ipsum sint.', 'Architecto est maiores facilis ducimus dolores enim cum et. Omnis inventore harum soluta omnis velit quo sed. Sed blanditiis necessitatibus et et non. Et quia dolorem dicta aut enim. Doloremque aut reprehenderit quia illo. Aut consectetur non omnis atque veritatis. Aut suscipit dignissimos quisquam ut reiciendis hic qui. Vero magni nobis molestiae est doloribus illum nostrum deserunt. Molestiae quas et autem harum facere. Sit autem voluptatem vero id.', '2020-04-03 11:36:25', '2020-04-03 11:36:25'),
(35, 2, 'Corrupti.', 'PrdW14', 755247, 616852, 121, 1, 'Debitis quidem assumenda dignissimos est. Corporis tempora atque iusto. Fuga sed quo voluptatum ea vitae libero. Sunt unde qui velit veritatis.', 'Dolorem et non ea explicabo cum ut sunt quia. Est aut nam esse consequatur. Quas quam repellat amet harum aut labore. Alias et iusto perspiciatis. Deleniti perspiciatis error reiciendis. Maiores sint voluptas quia. Nam omnis iusto sed tempore qui quis. Quas iure vel laudantium cupiditate facere totam illum. Et nihil ut quod. Aliquid sed repellendus dicta quia sequi eum. Quia quis in quo eaque ipsa ut.', '2020-04-03 11:36:25', '2020-04-03 11:36:25'),
(36, 2, 'Et et aut amet.', 'PrdW15', 845456, 797196, 79, 1, 'Magni cumque autem praesentium et quo et est. Officia molestiae provident sed ut. Aut perferendis reiciendis ut repellendus et. Qui esse quod iusto ut laboriosam.', 'Totam ea illum rem. Corporis adipisci vel totam soluta vero. Harum doloremque eos officiis explicabo accusantium natus rerum rerum. Unde magnam repellendus aspernatur vel. Laudantium numquam corporis temporibus ipsam fugit. Quia voluptatibus nisi sed ratione alias. Dolorum voluptatem accusantium magni laborum doloribus dolores aut. Qui ut officiis non ratione sint qui. Dicta beatae sunt quam dolor corporis corrupti recusandae qui.', '2020-04-03 11:36:25', '2020-04-03 11:36:25'),
(37, 2, 'Facilis ea.', 'PrdW16', 829081, 376282, 263, 0, 'Quia et atque consequatur nulla ipsum. Nostrum eveniet perspiciatis consequatur dolores dolor qui sed.', 'Officiis qui perferendis dolor quas rerum sint. Magni repudiandae aut odio et. Consequuntur doloribus deserunt sed cupiditate ut labore. Cupiditate blanditiis voluptatem nihil dolores. Explicabo asperiores minima id exercitationem. Id voluptas eum officiis similique ea. Vel ducimus optio fuga.', '2020-04-03 11:36:25', '2020-04-03 11:36:25'),
(38, 2, 'Iste.', 'PrdW17', 539280, 181690, 76, 0, 'Iure veritatis consequuntur minus id est. Ducimus omnis et laudantium quod. Aut qui officia architecto optio consequuntur qui.', 'Amet fugiat ipsum reiciendis explicabo tempora ratione ut fugiat. Placeat quas qui quo in laboriosam dolor veniam. Nemo est voluptatum dignissimos aliquam. Qui rerum quo qui molestiae id nulla velit. Ea est eligendi et in molestias temporibus expedita. Est omnis iusto aspernatur est ut. Nostrum molestiae aut rerum quia occaecati adipisci. Numquam recusandae modi veniam dolore quaerat at dolorem. Autem qui quo sequi labore earum deleniti.', '2020-04-03 11:36:25', '2020-04-03 11:36:25'),
(39, 2, 'Quibusdam.', 'PrdW18', 683914, 369680, 30, 1, 'Non accusantium maxime libero dicta et architecto adipisci. Laboriosam ea et minus. Officiis et rerum culpa et molestias culpa. Minima aut et esse sapiente molestiae consectetur.', 'Ullam voluptatum nihil doloribus ea itaque consequatur. Ducimus qui qui aut quidem ipsam ipsam eos consectetur. Vel sed culpa ut voluptatem minus fuga aut. Consequatur accusantium assumenda eaque recusandae. Non sit necessitatibus veniam repudiandae repudiandae. Iste animi quisquam possimus quis. Occaecati sed provident doloribus nobis aspernatur. Omnis veritatis sed voluptatem id.', '2020-04-03 11:36:25', '2020-04-03 11:36:25'),
(40, 2, 'Pariatur quas.', 'PrdW19', 182482, 106304, 259, 1, 'Nemo enim laboriosam accusamus. Iure est qui mollitia est est non. Blanditiis rerum a nemo rem et omnis eius. Necessitatibus officiis unde quibusdam aut saepe nulla eligendi.', 'At sapiente non et qui voluptatum. Excepturi ea sint perspiciatis voluptas rerum. Et voluptatem architecto voluptatum nemo est. Est eaque minus corporis ut asperiores. Accusantium dolorem animi et qui et modi optio molestiae. Voluptates error consequuntur in temporibus saepe aliquam saepe voluptatem. Impedit omnis earum est harum dolores voluptatem quas. Vel quos et similique voluptatum eos. Eligendi iusto beatae accusamus veritatis. Cum recusandae non expedita sunt id sit eos laudantium.', '2020-04-03 11:36:25', '2020-04-03 11:36:25'),
(41, 3, 'Sed est sit.', 'PrdK0', 538948, 465966, 32, 0, 'Voluptas necessitatibus cupiditate ipsa. Inventore cum rem est esse omnis unde ut consequatur. Quo ad similique pariatur error id non odit.', 'Est asperiores repellendus ipsum similique voluptates. A rem inventore debitis et occaecati laboriosam. Facere voluptatem et consequatur. Aut tempora non distinctio perspiciatis. Officia cumque voluptas ducimus et sed architecto. Minima unde non exercitationem nisi qui. Aut sed culpa libero officia maxime. Qui maiores temporibus voluptatibus minima dicta pariatur ipsa. Maxime ratione in excepturi et quisquam quia perferendis. Maxime maxime quidem et. Nihil quis dolorem aut enim.', '2020-04-03 11:36:25', '2020-04-03 11:36:25'),
(42, 3, 'Eveniet nihil.', 'PrdK1', 984450, 882009, 70, 1, 'Cum qui qui aliquam voluptatem culpa. Eaque dolores fugit ut inventore consequatur qui. Ipsam quo nisi eos non animi.', 'Repellat blanditiis laudantium et accusamus aperiam. Dolor omnis eos dolorem non nemo. Explicabo rerum qui aut qui voluptatem similique suscipit. Soluta quisquam illo similique perspiciatis odio. Voluptatem nobis itaque qui voluptatum neque est maxime. Quidem qui est minus ad sint. Dolorum ipsa et labore odit. Dolores eligendi dolorem consectetur eos corporis deleniti. In tempora perferendis voluptas deserunt et. Ratione ut in distinctio sunt. Voluptas libero sed eos ea et.', '2020-04-03 11:36:25', '2020-04-03 11:36:25'),
(43, 3, 'Accusamus.', 'PrdK2', 115830, 115525, 129, 0, 'Ut consequatur officiis labore. Officiis error at magni nostrum quo. Ipsum quae voluptates quisquam perferendis dolor quam voluptas. Nobis fugit alias sapiente at omnis ut.', 'Mollitia inventore labore iure corrupti ex voluptatem neque. Rerum nihil sunt eos provident. Velit nobis qui sapiente officiis. Tempore dolore voluptatem ut nesciunt maiores. Rerum et ullam illum neque delectus. Qui autem in consequatur numquam et. Labore enim alias placeat eligendi. Ut repellat cupiditate quae amet dolor dolorem non. Sunt sit sit est ut. Officia rerum molestias porro odit culpa. Soluta eos sint sit autem.', '2020-04-03 11:36:25', '2020-04-03 11:36:25'),
(44, 3, 'Necessitatibus.', 'PrdK3', 452659, 414856, 182, 0, 'Fugiat nesciunt deleniti quisquam dolorum quis est. Et ut et fuga qui voluptas. Optio optio ex eveniet alias ut aut quis. Velit id nisi voluptatem rem quasi dolorem.', 'Iure beatae aliquam libero sit non dolores. Sequi ullam in nesciunt illum. In sit ratione ut consequatur blanditiis similique architecto perferendis. Pariatur voluptates hic omnis unde quae totam quia. Suscipit voluptates repellendus nesciunt ea odio dolores quos sint. Consequatur officiis odit quasi laborum. Voluptatem commodi perferendis sed. Aliquam doloribus nostrum fugit quis et. Nesciunt accusantium voluptatibus vel. Incidunt omnis error est qui nobis est inventore.', '2020-04-03 11:36:25', '2020-04-03 11:36:25'),
(45, 3, 'Iure rem sint.', 'PrdK4', 572007, 370750, 223, 0, 'Qui minus non nobis facilis distinctio in dolore. Nihil voluptatum explicabo consectetur cupiditate et. Repudiandae numquam eum perspiciatis et eaque officiis nihil et.', 'Adipisci pariatur officiis necessitatibus sapiente quae officia quidem. Sapiente sit accusantium unde laboriosam magnam ex pariatur id. Ex sed facere doloremque eos. Officia recusandae reiciendis adipisci delectus ab. Debitis veritatis saepe laborum omnis. Enim rerum quisquam sunt et. Non qui voluptas architecto et laboriosam. Consequatur ut facilis quos reprehenderit hic. Explicabo est voluptatem eligendi tenetur culpa. Fuga adipisci doloremque alias laudantium beatae est rerum sapiente.', '2020-04-03 11:36:25', '2020-04-03 11:36:25'),
(46, 3, 'Harum enim ea.', 'PrdK5', 395053, 384778, 133, 1, 'Dolor exercitationem accusamus aut consectetur velit blanditiis. Eum eius et quia libero ipsa vitae. Quia voluptates maxime eos qui minus minus.', 'Aut magni quia ut perferendis dicta quo. Quos ut iure cum saepe repellendus doloribus. Omnis sunt consectetur mollitia est qui debitis rerum. Rem eum id porro maiores omnis qui aspernatur. Ea ut voluptatem omnis quis nostrum nobis eligendi rerum. Sit sapiente sed molestiae aut vero sed eveniet. Sequi sequi neque dolores inventore quaerat. Dolore ipsam aut porro possimus quidem autem.', '2020-04-03 11:36:25', '2020-04-03 11:36:25'),
(47, 3, 'Illo quia est.', 'PrdK6', 428463, 202356, 244, 0, 'Tempora sint magni sit repellat maxime id non et. Voluptatem velit quia esse dolorem necessitatibus. Nostrum commodi fugiat a.', 'Aut facere a expedita laboriosam recusandae. Vel corrupti aut esse quis. Aspernatur harum modi cum quisquam. Aut voluptatem exercitationem sit libero magni molestias sequi et. Sed et nostrum quo quam autem enim. Reiciendis numquam quia doloribus unde. Dolorum voluptates quia distinctio qui molestias voluptas culpa.', '2020-04-03 11:36:25', '2020-04-03 11:36:25'),
(48, 3, 'Sit laboriosam.', 'PrdK7', 454855, 331803, 77, 1, 'Laborum nam tempora doloribus magnam. Soluta qui aut molestiae asperiores. Aut corporis aut mollitia.', 'Eum officia et rerum est quisquam saepe. Saepe rerum sequi ea qui eius. Exercitationem iste tempore nemo natus velit. Culpa non dolorum dicta et. Omnis accusantium molestiae ut labore tempore distinctio. Aliquam recusandae cumque laboriosam tenetur iure sed eligendi et. Dolorem quia beatae exercitationem et voluptatem ipsam. Totam ipsum quos quia voluptatem omnis soluta.', '2020-04-03 11:36:25', '2020-04-03 11:36:25'),
(49, 3, 'Voluptas.', 'PrdK8', 354164, 305096, 40, 0, 'Autem odio quia atque ab tempore unde omnis. Voluptates maxime perferendis eius delectus animi accusamus veniam.', 'Voluptatibus quod illo consequatur id pariatur odit error qui. Ipsa recusandae sint cumque nam quis dolore sit. Modi fugiat molestiae quia ea ut nihil. Voluptatem dolore perferendis quis non est vitae. Distinctio quia totam est modi soluta. Sed commodi doloribus nemo dicta. Nemo tenetur perferendis ipsum nemo ut fuga tenetur. Eum dolor natus optio quidem. Doloribus est nesciunt in et.', '2020-04-03 11:36:25', '2020-04-03 11:36:25'),
(50, 3, 'Iusto nostrum.', 'PrdK9', 698355, 132252, 207, 1, 'Et ea fugit vel ut exercitationem et. Minus fugit modi est est. Et officiis veniam veniam eaque qui.', 'Soluta hic possimus est culpa. Debitis in doloremque dolor. Porro corrupti exercitationem enim dolorem molestias. Excepturi qui debitis rerum veniam sed. Quibusdam harum sint qui exercitationem provident eveniet. Eum corporis est magni hic. Odit perspiciatis porro consequatur et voluptatem vel consequatur inventore. Est corrupti et qui dolor consequatur.', '2020-04-03 11:36:25', '2020-04-03 11:36:25'),
(51, 3, 'Totam cumque.', 'PrdK10', 652369, 204290, 70, 0, 'Incidunt nulla enim quis ut maiores aliquid qui velit. Ab nemo consequatur sint. Omnis aut quod est.', 'Et qui animi autem ut suscipit quisquam. Quia excepturi libero nulla iure aliquam. Enim exercitationem velit a. Suscipit possimus quaerat in iure sit sunt ex. Vitae mollitia itaque nemo vel voluptate enim. Debitis qui porro quod placeat aut similique quas sunt. Delectus quis quis voluptatem esse sint qui. Veritatis facilis dolorem eveniet quia. Tenetur occaecati veritatis cum vel et fugiat et. Ab nihil consequatur ipsum vel.', '2020-04-03 11:36:25', '2020-04-03 11:36:25'),
(52, 3, 'Est illo.', 'PrdK11', 207029, 183025, 148, 0, 'Corrupti ratione non totam quia. Rerum laudantium animi soluta assumenda ducimus eligendi cupiditate. Molestias eligendi hic atque voluptatem.', 'Ea sapiente cum praesentium repudiandae ut dolorum. Quidem quia quis aliquam accusantium temporibus dolores repudiandae explicabo. Sed nesciunt tempora possimus nostrum sed accusamus id. Omnis ut culpa sunt. Sed minima sint quam aut distinctio aspernatur. Possimus hic officiis nobis ut eum expedita eaque. Vel et et mollitia qui minus. Neque ullam deserunt facilis accusamus ipsam exercitationem.', '2020-04-03 11:36:25', '2020-04-03 11:36:25'),
(53, 3, 'Aut delectus.', 'PrdK12', 919032, 517002, 77, 0, 'Deserunt officia consequuntur aperiam quia. Iste est est est magni ea libero et fuga. Id praesentium totam voluptas repellat provident. Eligendi quas omnis voluptates quo rem voluptate.', 'Sit autem beatae error tenetur consequatur nemo et. Quia voluptas nihil omnis eum labore. Provident omnis ut sunt et quia quis. Cupiditate cumque enim ab deleniti quia fugiat ut. Dolores nisi omnis est omnis aut et reiciendis. Magnam deserunt aut provident ex. Nihil quis accusamus debitis eos. Quo ut eaque in optio. Excepturi veritatis ad error. Expedita sed cupiditate ullam alias et officiis quisquam. Est adipisci ratione sint at nihil. Dicta ut sed aspernatur nihil harum temporibus.', '2020-04-03 11:36:25', '2020-04-03 11:36:25'),
(54, 3, 'Dolorem totam.', 'PrdK13', 532576, 433813, 207, 0, 'Est recusandae quis nostrum ipsam. Nobis in cumque nihil minima ipsam. Ea pariatur eius quaerat. Unde rem et nemo temporibus omnis excepturi aut.', 'Ea consequatur in nam expedita. Eligendi dolor voluptatem quidem maiores. Quae non reiciendis assumenda minus ea. Dolor tempora quaerat nostrum non voluptas aut tempore. Odio eum harum et veniam id. Eveniet eligendi sint fuga autem sit. Sunt consequatur ea nemo nesciunt provident sed. Nulla ipsa repellat aut explicabo. Accusamus similique tempora et sit libero occaecati accusantium.', '2020-04-03 11:36:25', '2020-04-03 11:36:25'),
(55, 3, 'Culpa optio.', 'PrdK14', 419204, 132685, 33, 1, 'A a quibusdam labore aut ut suscipit ullam. Dolorum est omnis architecto impedit in fugiat explicabo nemo. Animi suscipit similique qui eligendi. Consequatur nobis minus et.', 'Qui sed minima eaque iusto fugit reiciendis corporis laudantium. Aspernatur et enim nihil repellendus. Aut commodi alias velit eligendi tempore repellat suscipit est. Nobis esse in consequatur iste. Voluptas eos sit voluptatem dignissimos ut saepe aut dolores. Et vero vero reiciendis at. Veritatis quia velit animi et similique.', '2020-04-03 11:36:25', '2020-04-03 11:36:25'),
(56, 3, 'Dolorem saepe.', 'PrdK15', 474414, 391339, 256, 0, 'Voluptatum itaque aperiam dignissimos consequatur. Dolores quos nulla aliquid repellat expedita recusandae vero. Sed eaque aut ratione sit facere possimus. Sint est et maiores quia animi architecto.', 'Eligendi dolor praesentium amet dolores qui ratione. Doloribus praesentium voluptatibus occaecati dolorem eum. Officiis consectetur veritatis omnis ut similique error. Consectetur blanditiis velit labore ut. Veritatis incidunt est quaerat consequatur. Architecto eius quas perferendis cum perspiciatis. Aut rem molestiae asperiores aliquam non doloremque possimus. Vel aliquid labore accusamus cumque et eos et.', '2020-04-03 11:36:25', '2020-04-03 11:36:25'),
(57, 3, 'Dolorem.', 'PrdK16', 537185, 115507, 18, 0, 'Voluptas occaecati reprehenderit sit sed odio expedita neque. Ut aut dolorem illo et ea nobis et. Non aperiam asperiores laborum dolorem doloremque debitis minima perferendis.', 'Officiis repellendus voluptate quidem corrupti distinctio tempore distinctio. Hic id cum facere ratione. Numquam facilis sequi eaque iure pariatur. Fugiat laboriosam provident sunt quas aut maxime. Aut aut et eum rerum. Quaerat similique nihil ratione corrupti. Minus consequatur voluptatem qui corporis. Quibusdam optio non tempore autem sit. Vero explicabo quia consequatur. Similique in ab eius velit. Asperiores ipsum quod incidunt est.', '2020-04-03 11:36:25', '2020-04-03 11:36:25'),
(58, 3, 'Nisi inventore.', 'PrdK17', 702102, 594395, 288, 1, 'Ex quod quisquam vel qui laborum. Mollitia consequatur consequatur ullam voluptate nihil.', 'Voluptates delectus natus consequatur numquam et labore omnis. Asperiores sit mollitia facere ipsum reprehenderit natus et. Cumque odio quia dicta inventore laudantium ex et. Ut iure nam commodi maiores. Fugit omnis quis non possimus. Amet placeat voluptates aut et. Non fugit explicabo cumque eos omnis numquam accusamus est. Est sunt non dolore aut et. Eligendi consectetur temporibus consectetur soluta. Incidunt nulla esse quos laboriosam. Maiores quia nisi ipsam.', '2020-04-03 11:36:25', '2020-04-03 11:36:25'),
(59, 3, 'Distinctio sed.', 'PrdK18', 415278, 285577, 102, 1, 'Est nihil sit sunt eveniet esse voluptate. Illo quibusdam repellendus est in officiis voluptatem sit.', 'Non qui placeat vel eum. Ratione exercitationem omnis quae debitis quia. Praesentium consequatur et perspiciatis autem. Voluptas voluptatibus rerum ipsam vel libero et placeat. Placeat pariatur corporis nemo dolorum dolorem deleniti. Voluptas neque consequatur iusto eum. Repellat impedit magnam amet earum architecto.', '2020-04-03 11:36:25', '2020-04-03 11:36:25'),
(60, 3, 'Et nam velit.', 'PrdK19', 900315, 492871, 291, 1, 'Odit sunt fugit libero est vero vero repellendus. Perferendis ut est quia recusandae. Consequuntur nulla maxime et provident.', 'Laboriosam deleniti dolorum sequi voluptatem alias qui repudiandae. Et qui laborum dolor laborum ea aut voluptas. Consequatur eos est eligendi beatae aspernatur. Molestiae dignissimos et rerum provident suscipit consequatur laboriosam. Est explicabo quaerat ipsa sint. At voluptas aut eius libero molestiae sequi reprehenderit. Qui non qui non deserunt reiciendis.', '2020-04-03 11:36:25', '2020-04-03 11:55:03');

-- --------------------------------------------------------

--
-- Cấu trúc bảng cho bảng `product_size`
--

CREATE TABLE `product_size` (
  `id` bigint UNSIGNED NOT NULL,
  `product_id` bigint DEFAULT NULL,
  `size_id` bigint DEFAULT NULL,
  `created_at` timestamp NULL DEFAULT NULL,
  `updated_at` timestamp NULL DEFAULT NULL
) ENGINE=InnoDB DEFAULT CHARSET=utf8mb4 COLLATE=utf8mb4_unicode_ci;

--
-- Đang đổ dữ liệu cho bảng `product_size`
--

INSERT INTO `product_size` (`id`, `product_id`, `size_id`, `created_at`, `updated_at`) VALUES
(1, 1, 1, '2020-04-03 12:31:28', '2020-04-03 12:31:28'),
(2, 1, 2, '2020-04-03 12:31:28', '2020-04-03 12:31:28'),
(3, 1, 3, '2020-04-03 12:31:28', '2020-04-03 12:31:28'),
(4, 1, 4, '2020-04-03 12:31:28', '2020-04-03 12:31:28'),
(5, 1, 5, '2020-04-03 12:31:28', '2020-04-03 12:31:28'),
(6, 2, 1, '2020-04-03 12:31:28', '2020-04-03 12:31:28'),
(7, 2, 2, '2020-04-03 12:31:28', '2020-04-03 12:31:28'),
(8, 2, 3, '2020-04-03 12:31:28', '2020-04-03 12:31:28'),
(9, 2, 4, '2020-04-03 12:31:28', '2020-04-03 12:31:28'),
(10, 2, 5, '2020-04-03 12:31:28', '2020-04-03 12:31:28'),
(11, 3, 1, '2020-04-03 12:31:28', '2020-04-03 12:31:28'),
(12, 3, 2, '2020-04-03 12:31:29', '2020-04-03 12:31:29'),
(13, 3, 3, '2020-04-03 12:31:29', '2020-04-03 12:31:29'),
(14, 3, 4, '2020-04-03 12:31:29', '2020-04-03 12:31:29'),
(15, 3, 5, '2020-04-03 12:31:29', '2020-04-03 12:31:29'),
(16, 4, 1, '2020-04-03 12:31:29', '2020-04-03 12:31:29'),
(17, 4, 2, '2020-04-03 12:31:29', '2020-04-03 12:31:29'),
(18, 4, 3, '2020-04-03 12:31:29', '2020-04-03 12:31:29'),
(19, 4, 4, '2020-04-03 12:31:29', '2020-04-03 12:31:29'),
(20, 4, 5, '2020-04-03 12:31:29', '2020-04-03 12:31:29'),
(21, 5, 1, '2020-04-03 12:31:29', '2020-04-03 12:31:29'),
(22, 5, 2, '2020-04-03 12:31:29', '2020-04-03 12:31:29'),
(23, 5, 3, '2020-04-03 12:31:29', '2020-04-03 12:31:29'),
(24, 5, 4, '2020-04-03 12:31:29', '2020-04-03 12:31:29'),
(25, 5, 5, '2020-04-03 12:31:29', '2020-04-03 12:31:29'),
(26, 6, 1, '2020-04-03 12:31:29', '2020-04-03 12:31:29'),
(27, 6, 2, '2020-04-03 12:31:29', '2020-04-03 12:31:29'),
(28, 6, 3, '2020-04-03 12:31:29', '2020-04-03 12:31:29'),
(29, 6, 4, '2020-04-03 12:31:29', '2020-04-03 12:31:29'),
(30, 6, 5, '2020-04-03 12:31:29', '2020-04-03 12:31:29'),
(31, 7, 1, '2020-04-03 12:31:29', '2020-04-03 12:31:29'),
(32, 7, 2, '2020-04-03 12:31:29', '2020-04-03 12:31:29'),
(33, 7, 3, '2020-04-03 12:31:29', '2020-04-03 12:31:29'),
(34, 7, 4, '2020-04-03 12:31:29', '2020-04-03 12:31:29'),
(35, 7, 5, '2020-04-03 12:31:29', '2020-04-03 12:31:29'),
(36, 8, 1, '2020-04-03 12:31:29', '2020-04-03 12:31:29'),
(37, 8, 2, '2020-04-03 12:31:29', '2020-04-03 12:31:29'),
(38, 8, 3, '2020-04-03 12:31:29', '2020-04-03 12:31:29'),
(39, 8, 4, '2020-04-03 12:31:29', '2020-04-03 12:31:29'),
(40, 8, 5, '2020-04-03 12:31:29', '2020-04-03 12:31:29'),
(41, 9, 1, '2020-04-03 12:31:29', '2020-04-03 12:31:29'),
(42, 9, 2, '2020-04-03 12:31:29', '2020-04-03 12:31:29'),
(43, 9, 3, '2020-04-03 12:31:29', '2020-04-03 12:31:29'),
(44, 9, 4, '2020-04-03 12:31:29', '2020-04-03 12:31:29'),
(45, 9, 5, '2020-04-03 12:31:29', '2020-04-03 12:31:29'),
(46, 10, 1, '2020-04-03 12:31:29', '2020-04-03 12:31:29'),
(47, 10, 2, '2020-04-03 12:31:29', '2020-04-03 12:31:29'),
(48, 10, 3, '2020-04-03 12:31:29', '2020-04-03 12:31:29'),
(49, 10, 4, '2020-04-03 12:31:29', '2020-04-03 12:31:29'),
(50, 10, 5, '2020-04-03 12:31:29', '2020-04-03 12:31:29'),
(51, 11, 1, '2020-04-03 12:31:29', '2020-04-03 12:31:29'),
(52, 11, 2, '2020-04-03 12:31:29', '2020-04-03 12:31:29'),
(53, 11, 3, '2020-04-03 12:31:29', '2020-04-03 12:31:29'),
(54, 11, 4, '2020-04-03 12:31:29', '2020-04-03 12:31:29'),
(55, 11, 5, '2020-04-03 12:31:29', '2020-04-03 12:31:29'),
(56, 12, 1, '2020-04-03 12:31:29', '2020-04-03 12:31:29'),
(57, 12, 2, '2020-04-03 12:31:29', '2020-04-03 12:31:29'),
(58, 12, 3, '2020-04-03 12:31:29', '2020-04-03 12:31:29'),
(59, 12, 4, '2020-04-03 12:31:29', '2020-04-03 12:31:29'),
(60, 12, 5, '2020-04-03 12:31:29', '2020-04-03 12:31:29'),
(61, 13, 1, '2020-04-03 12:31:29', '2020-04-03 12:31:29'),
(62, 13, 2, '2020-04-03 12:31:29', '2020-04-03 12:31:29'),
(63, 13, 3, '2020-04-03 12:31:29', '2020-04-03 12:31:29'),
(64, 13, 4, '2020-04-03 12:31:29', '2020-04-03 12:31:29'),
(65, 13, 5, '2020-04-03 12:31:29', '2020-04-03 12:31:29'),
(66, 14, 1, '2020-04-03 12:31:29', '2020-04-03 12:31:29'),
(67, 14, 2, '2020-04-03 12:31:29', '2020-04-03 12:31:29'),
(68, 14, 3, '2020-04-03 12:31:29', '2020-04-03 12:31:29'),
(69, 14, 4, '2020-04-03 12:31:29', '2020-04-03 12:31:29'),
(70, 14, 5, '2020-04-03 12:31:29', '2020-04-03 12:31:29'),
(71, 15, 1, '2020-04-03 12:31:29', '2020-04-03 12:31:29'),
(72, 15, 2, '2020-04-03 12:31:29', '2020-04-03 12:31:29'),
(73, 15, 3, '2020-04-03 12:31:29', '2020-04-03 12:31:29'),
(74, 15, 4, '2020-04-03 12:31:29', '2020-04-03 12:31:29'),
(75, 15, 5, '2020-04-03 12:31:29', '2020-04-03 12:31:29'),
(76, 16, 1, '2020-04-03 12:31:29', '2020-04-03 12:31:29'),
(77, 16, 2, '2020-04-03 12:31:29', '2020-04-03 12:31:29'),
(78, 16, 3, '2020-04-03 12:31:29', '2020-04-03 12:31:29'),
(79, 16, 4, '2020-04-03 12:31:29', '2020-04-03 12:31:29'),
(80, 16, 5, '2020-04-03 12:31:29', '2020-04-03 12:31:29'),
(81, 17, 1, '2020-04-03 12:31:29', '2020-04-03 12:31:29'),
(82, 17, 2, '2020-04-03 12:31:29', '2020-04-03 12:31:29'),
(83, 17, 3, '2020-04-03 12:31:29', '2020-04-03 12:31:29'),
(84, 17, 4, '2020-04-03 12:31:29', '2020-04-03 12:31:29'),
(85, 17, 5, '2020-04-03 12:31:29', '2020-04-03 12:31:29'),
(86, 18, 1, '2020-04-03 12:31:29', '2020-04-03 12:31:29'),
(87, 18, 2, '2020-04-03 12:31:29', '2020-04-03 12:31:29'),
(88, 18, 3, '2020-04-03 12:31:29', '2020-04-03 12:31:29'),
(89, 18, 4, '2020-04-03 12:31:29', '2020-04-03 12:31:29'),
(90, 18, 5, '2020-04-03 12:31:29', '2020-04-03 12:31:29'),
(91, 19, 1, '2020-04-03 12:31:29', '2020-04-03 12:31:29'),
(92, 19, 2, '2020-04-03 12:31:29', '2020-04-03 12:31:29'),
(93, 19, 3, '2020-04-03 12:31:29', '2020-04-03 12:31:29'),
(94, 19, 4, '2020-04-03 12:31:29', '2020-04-03 12:31:29'),
(95, 19, 5, '2020-04-03 12:31:29', '2020-04-03 12:31:29'),
(96, 20, 1, '2020-04-03 12:31:29', '2020-04-03 12:31:29'),
(97, 20, 2, '2020-04-03 12:31:29', '2020-04-03 12:31:29'),
(98, 20, 3, '2020-04-03 12:31:29', '2020-04-03 12:31:29'),
(99, 20, 4, '2020-04-03 12:31:29', '2020-04-03 12:31:29'),
(100, 20, 5, '2020-04-03 12:31:29', '2020-04-03 12:31:29'),
(101, 21, 1, '2020-04-03 12:31:29', '2020-04-03 12:31:29'),
(102, 21, 2, '2020-04-03 12:31:29', '2020-04-03 12:31:29'),
(103, 21, 3, '2020-04-03 12:31:29', '2020-04-03 12:31:29'),
(104, 21, 4, '2020-04-03 12:31:29', '2020-04-03 12:31:29'),
(105, 21, 5, '2020-04-03 12:31:29', '2020-04-03 12:31:29'),
(106, 22, 1, '2020-04-03 12:31:29', '2020-04-03 12:31:29'),
(107, 22, 2, '2020-04-03 12:31:29', '2020-04-03 12:31:29'),
(108, 22, 3, '2020-04-03 12:31:29', '2020-04-03 12:31:29'),
(109, 22, 4, '2020-04-03 12:31:29', '2020-04-03 12:31:29'),
(110, 22, 5, '2020-04-03 12:31:29', '2020-04-03 12:31:29'),
(111, 23, 1, '2020-04-03 12:31:29', '2020-04-03 12:31:29'),
(112, 23, 2, '2020-04-03 12:31:29', '2020-04-03 12:31:29'),
(113, 23, 3, '2020-04-03 12:31:29', '2020-04-03 12:31:29'),
(114, 23, 4, '2020-04-03 12:31:29', '2020-04-03 12:31:29'),
(115, 23, 5, '2020-04-03 12:31:29', '2020-04-03 12:31:29'),
(116, 24, 1, '2020-04-03 12:31:29', '2020-04-03 12:31:29'),
(117, 24, 2, '2020-04-03 12:31:29', '2020-04-03 12:31:29'),
(118, 24, 3, '2020-04-03 12:31:29', '2020-04-03 12:31:29'),
(119, 24, 4, '2020-04-03 12:31:29', '2020-04-03 12:31:29'),
(120, 24, 5, '2020-04-03 12:31:29', '2020-04-03 12:31:29'),
(121, 25, 1, '2020-04-03 12:31:29', '2020-04-03 12:31:29'),
(122, 25, 2, '2020-04-03 12:31:29', '2020-04-03 12:31:29'),
(123, 25, 3, '2020-04-03 12:31:29', '2020-04-03 12:31:29'),
(124, 25, 4, '2020-04-03 12:31:29', '2020-04-03 12:31:29'),
(125, 25, 5, '2020-04-03 12:31:29', '2020-04-03 12:31:29'),
(126, 26, 1, '2020-04-03 12:31:29', '2020-04-03 12:31:29'),
(127, 26, 2, '2020-04-03 12:31:29', '2020-04-03 12:31:29'),
(128, 26, 3, '2020-04-03 12:31:29', '2020-04-03 12:31:29'),
(129, 26, 4, '2020-04-03 12:31:29', '2020-04-03 12:31:29'),
(130, 26, 5, '2020-04-03 12:31:29', '2020-04-03 12:31:29'),
(131, 27, 1, '2020-04-03 12:31:29', '2020-04-03 12:31:29'),
(132, 27, 2, '2020-04-03 12:31:29', '2020-04-03 12:31:29'),
(133, 27, 3, '2020-04-03 12:31:29', '2020-04-03 12:31:29'),
(134, 27, 4, '2020-04-03 12:31:29', '2020-04-03 12:31:29'),
(135, 27, 5, '2020-04-03 12:31:29', '2020-04-03 12:31:29'),
(136, 28, 1, '2020-04-03 12:31:29', '2020-04-03 12:31:29'),
(137, 28, 2, '2020-04-03 12:31:29', '2020-04-03 12:31:29'),
(138, 28, 3, '2020-04-03 12:31:29', '2020-04-03 12:31:29'),
(139, 28, 4, '2020-04-03 12:31:29', '2020-04-03 12:31:29'),
(140, 28, 5, '2020-04-03 12:31:29', '2020-04-03 12:31:29'),
(141, 29, 1, '2020-04-03 12:31:29', '2020-04-03 12:31:29'),
(142, 29, 2, '2020-04-03 12:31:29', '2020-04-03 12:31:29'),
(143, 29, 3, '2020-04-03 12:31:29', '2020-04-03 12:31:29'),
(144, 29, 4, '2020-04-03 12:31:29', '2020-04-03 12:31:29'),
(145, 29, 5, '2020-04-03 12:31:29', '2020-04-03 12:31:29'),
(146, 30, 1, '2020-04-03 12:31:29', '2020-04-03 12:31:29'),
(147, 30, 2, '2020-04-03 12:31:29', '2020-04-03 12:31:29'),
(148, 30, 3, '2020-04-03 12:31:29', '2020-04-03 12:31:29'),
(149, 30, 4, '2020-04-03 12:31:29', '2020-04-03 12:31:29'),
(150, 30, 5, '2020-04-03 12:31:29', '2020-04-03 12:31:29'),
(151, 31, 1, '2020-04-03 12:31:29', '2020-04-03 12:31:29'),
(152, 31, 2, '2020-04-03 12:31:29', '2020-04-03 12:31:29'),
(153, 31, 3, '2020-04-03 12:31:29', '2020-04-03 12:31:29'),
(154, 31, 4, '2020-04-03 12:31:29', '2020-04-03 12:31:29'),
(155, 31, 5, '2020-04-03 12:31:29', '2020-04-03 12:31:29'),
(156, 32, 1, '2020-04-03 12:31:29', '2020-04-03 12:31:29'),
(157, 32, 2, '2020-04-03 12:31:29', '2020-04-03 12:31:29'),
(158, 32, 3, '2020-04-03 12:31:29', '2020-04-03 12:31:29'),
(159, 32, 4, '2020-04-03 12:31:29', '2020-04-03 12:31:29'),
(160, 32, 5, '2020-04-03 12:31:29', '2020-04-03 12:31:29'),
(161, 33, 1, '2020-04-03 12:31:29', '2020-04-03 12:31:29'),
(162, 33, 2, '2020-04-03 12:31:29', '2020-04-03 12:31:29'),
(163, 33, 3, '2020-04-03 12:31:29', '2020-04-03 12:31:29'),
(164, 33, 4, '2020-04-03 12:31:29', '2020-04-03 12:31:29'),
(165, 33, 5, '2020-04-03 12:31:29', '2020-04-03 12:31:29'),
(166, 34, 1, '2020-04-03 12:31:29', '2020-04-03 12:31:29'),
(167, 34, 2, '2020-04-03 12:31:29', '2020-04-03 12:31:29'),
(168, 34, 3, '2020-04-03 12:31:29', '2020-04-03 12:31:29'),
(169, 34, 4, '2020-04-03 12:31:29', '2020-04-03 12:31:29'),
(170, 34, 5, '2020-04-03 12:31:29', '2020-04-03 12:31:29'),
(171, 35, 1, '2020-04-03 12:31:29', '2020-04-03 12:31:29'),
(172, 35, 2, '2020-04-03 12:31:29', '2020-04-03 12:31:29'),
(173, 35, 3, '2020-04-03 12:31:29', '2020-04-03 12:31:29'),
(174, 35, 4, '2020-04-03 12:31:29', '2020-04-03 12:31:29'),
(175, 35, 5, '2020-04-03 12:31:29', '2020-04-03 12:31:29'),
(176, 36, 1, '2020-04-03 12:31:29', '2020-04-03 12:31:29'),
(177, 36, 2, '2020-04-03 12:31:29', '2020-04-03 12:31:29'),
(178, 36, 3, '2020-04-03 12:31:29', '2020-04-03 12:31:29'),
(179, 36, 4, '2020-04-03 12:31:29', '2020-04-03 12:31:29'),
(180, 36, 5, '2020-04-03 12:31:29', '2020-04-03 12:31:29'),
(181, 37, 1, '2020-04-03 12:31:29', '2020-04-03 12:31:29'),
(182, 37, 2, '2020-04-03 12:31:29', '2020-04-03 12:31:29'),
(183, 37, 3, '2020-04-03 12:31:29', '2020-04-03 12:31:29'),
(184, 37, 4, '2020-04-03 12:31:29', '2020-04-03 12:31:29'),
(185, 37, 5, '2020-04-03 12:31:29', '2020-04-03 12:31:29'),
(186, 38, 1, '2020-04-03 12:31:29', '2020-04-03 12:31:29'),
(187, 38, 2, '2020-04-03 12:31:29', '2020-04-03 12:31:29'),
(188, 38, 3, '2020-04-03 12:31:29', '2020-04-03 12:31:29'),
(189, 38, 4, '2020-04-03 12:31:29', '2020-04-03 12:31:29'),
(190, 38, 5, '2020-04-03 12:31:29', '2020-04-03 12:31:29'),
(191, 39, 1, '2020-04-03 12:31:29', '2020-04-03 12:31:29'),
(192, 39, 2, '2020-04-03 12:31:29', '2020-04-03 12:31:29'),
(193, 39, 3, '2020-04-03 12:31:29', '2020-04-03 12:31:29'),
(194, 39, 4, '2020-04-03 12:31:29', '2020-04-03 12:31:29'),
(195, 39, 5, '2020-04-03 12:31:29', '2020-04-03 12:31:29'),
(196, 40, 1, '2020-04-03 12:31:29', '2020-04-03 12:31:29'),
(197, 40, 2, '2020-04-03 12:31:29', '2020-04-03 12:31:29'),
(198, 40, 3, '2020-04-03 12:31:29', '2020-04-03 12:31:29'),
(199, 40, 4, '2020-04-03 12:31:29', '2020-04-03 12:31:29'),
(200, 40, 5, '2020-04-03 12:31:29', '2020-04-03 12:31:29'),
(201, 41, 1, '2020-04-03 12:31:29', '2020-04-03 12:31:29'),
(202, 41, 2, '2020-04-03 12:31:29', '2020-04-03 12:31:29'),
(203, 41, 3, '2020-04-03 12:31:29', '2020-04-03 12:31:29'),
(204, 41, 4, '2020-04-03 12:31:29', '2020-04-03 12:31:29'),
(205, 41, 5, '2020-04-03 12:31:29', '2020-04-03 12:31:29'),
(206, 42, 1, '2020-04-03 12:31:29', '2020-04-03 12:31:29'),
(207, 42, 2, '2020-04-03 12:31:29', '2020-04-03 12:31:29'),
(208, 42, 3, '2020-04-03 12:31:29', '2020-04-03 12:31:29'),
(209, 42, 4, '2020-04-03 12:31:29', '2020-04-03 12:31:29'),
(210, 42, 5, '2020-04-03 12:31:29', '2020-04-03 12:31:29'),
(211, 43, 1, '2020-04-03 12:31:29', '2020-04-03 12:31:29'),
(212, 43, 2, '2020-04-03 12:31:29', '2020-04-03 12:31:29'),
(213, 43, 3, '2020-04-03 12:31:29', '2020-04-03 12:31:29'),
(214, 43, 4, '2020-04-03 12:31:29', '2020-04-03 12:31:29'),
(215, 43, 5, '2020-04-03 12:31:29', '2020-04-03 12:31:29'),
(216, 44, 1, '2020-04-03 12:31:29', '2020-04-03 12:31:29'),
(217, 44, 2, '2020-04-03 12:31:29', '2020-04-03 12:31:29'),
(218, 44, 3, '2020-04-03 12:31:29', '2020-04-03 12:31:29'),
(219, 44, 4, '2020-04-03 12:31:29', '2020-04-03 12:31:29'),
(220, 44, 5, '2020-04-03 12:31:29', '2020-04-03 12:31:29'),
(221, 45, 1, '2020-04-03 12:31:29', '2020-04-03 12:31:29'),
(222, 45, 2, '2020-04-03 12:31:29', '2020-04-03 12:31:29'),
(223, 45, 3, '2020-04-03 12:31:29', '2020-04-03 12:31:29'),
(224, 45, 4, '2020-04-03 12:31:29', '2020-04-03 12:31:29'),
(225, 45, 5, '2020-04-03 12:31:29', '2020-04-03 12:31:29'),
(226, 46, 1, '2020-04-03 12:31:29', '2020-04-03 12:31:29'),
(227, 46, 2, '2020-04-03 12:31:29', '2020-04-03 12:31:29'),
(228, 46, 3, '2020-04-03 12:31:29', '2020-04-03 12:31:29'),
(229, 46, 4, '2020-04-03 12:31:29', '2020-04-03 12:31:29'),
(230, 46, 5, '2020-04-03 12:31:29', '2020-04-03 12:31:29'),
(231, 47, 1, '2020-04-03 12:31:29', '2020-04-03 12:31:29'),
(232, 47, 2, '2020-04-03 12:31:29', '2020-04-03 12:31:29'),
(233, 47, 3, '2020-04-03 12:31:29', '2020-04-03 12:31:29'),
(234, 47, 4, '2020-04-03 12:31:29', '2020-04-03 12:31:29'),
(235, 47, 5, '2020-04-03 12:31:29', '2020-04-03 12:31:29'),
(236, 48, 1, '2020-04-03 12:31:29', '2020-04-03 12:31:29'),
(237, 48, 2, '2020-04-03 12:31:29', '2020-04-03 12:31:29'),
(238, 48, 3, '2020-04-03 12:31:29', '2020-04-03 12:31:29'),
(239, 48, 4, '2020-04-03 12:31:29', '2020-04-03 12:31:29'),
(240, 48, 5, '2020-04-03 12:31:29', '2020-04-03 12:31:29'),
(241, 49, 1, '2020-04-03 12:31:29', '2020-04-03 12:31:29'),
(242, 49, 2, '2020-04-03 12:31:29', '2020-04-03 12:31:29'),
(243, 49, 3, '2020-04-03 12:31:29', '2020-04-03 12:31:29'),
(244, 49, 4, '2020-04-03 12:31:29', '2020-04-03 12:31:29'),
(245, 49, 5, '2020-04-03 12:31:29', '2020-04-03 12:31:29'),
(246, 50, 1, '2020-04-03 12:31:29', '2020-04-03 12:31:29'),
(247, 50, 2, '2020-04-03 12:31:29', '2020-04-03 12:31:29'),
(248, 50, 3, '2020-04-03 12:31:29', '2020-04-03 12:31:29'),
(249, 50, 4, '2020-04-03 12:31:29', '2020-04-03 12:31:29'),
(250, 50, 5, '2020-04-03 12:31:29', '2020-04-03 12:31:29'),
(251, 51, 1, '2020-04-03 12:31:29', '2020-04-03 12:31:29'),
(252, 51, 2, '2020-04-03 12:31:29', '2020-04-03 12:31:29'),
(253, 51, 3, '2020-04-03 12:31:29', '2020-04-03 12:31:29'),
(254, 51, 4, '2020-04-03 12:31:29', '2020-04-03 12:31:29'),
(255, 51, 5, '2020-04-03 12:31:29', '2020-04-03 12:31:29'),
(256, 52, 1, '2020-04-03 12:31:29', '2020-04-03 12:31:29'),
(257, 52, 2, '2020-04-03 12:31:29', '2020-04-03 12:31:29'),
(258, 52, 3, '2020-04-03 12:31:29', '2020-04-03 12:31:29'),
(259, 52, 4, '2020-04-03 12:31:29', '2020-04-03 12:31:29'),
(260, 52, 5, '2020-04-03 12:31:29', '2020-04-03 12:31:29'),
(261, 53, 1, '2020-04-03 12:31:29', '2020-04-03 12:31:29'),
(262, 53, 2, '2020-04-03 12:31:29', '2020-04-03 12:31:29'),
(263, 53, 3, '2020-04-03 12:31:29', '2020-04-03 12:31:29'),
(264, 53, 4, '2020-04-03 12:31:29', '2020-04-03 12:31:29'),
(265, 53, 5, '2020-04-03 12:31:29', '2020-04-03 12:31:29'),
(266, 54, 1, '2020-04-03 12:31:29', '2020-04-03 12:31:29'),
(267, 54, 2, '2020-04-03 12:31:29', '2020-04-03 12:31:29'),
(268, 54, 3, '2020-04-03 12:31:29', '2020-04-03 12:31:29'),
(269, 54, 4, '2020-04-03 12:31:29', '2020-04-03 12:31:29'),
(270, 54, 5, '2020-04-03 12:31:29', '2020-04-03 12:31:29'),
(271, 55, 1, '2020-04-03 12:31:29', '2020-04-03 12:31:29'),
(272, 55, 2, '2020-04-03 12:31:29', '2020-04-03 12:31:29'),
(273, 55, 3, '2020-04-03 12:31:29', '2020-04-03 12:31:29'),
(274, 55, 4, '2020-04-03 12:31:29', '2020-04-03 12:31:29'),
(275, 55, 5, '2020-04-03 12:31:29', '2020-04-03 12:31:29'),
(276, 56, 1, '2020-04-03 12:31:29', '2020-04-03 12:31:29'),
(277, 56, 2, '2020-04-03 12:31:29', '2020-04-03 12:31:29'),
(278, 56, 3, '2020-04-03 12:31:29', '2020-04-03 12:31:29'),
(279, 56, 4, '2020-04-03 12:31:29', '2020-04-03 12:31:29'),
(280, 56, 5, '2020-04-03 12:31:29', '2020-04-03 12:31:29'),
(281, 57, 1, '2020-04-03 12:31:29', '2020-04-03 12:31:29'),
(282, 57, 2, '2020-04-03 12:31:29', '2020-04-03 12:31:29'),
(283, 57, 3, '2020-04-03 12:31:29', '2020-04-03 12:31:29'),
(284, 57, 4, '2020-04-03 12:31:29', '2020-04-03 12:31:29'),
(285, 57, 5, '2020-04-03 12:31:29', '2020-04-03 12:31:29'),
(286, 58, 1, '2020-04-03 12:31:29', '2020-04-03 12:31:29'),
(287, 58, 2, '2020-04-03 12:31:29', '2020-04-03 12:31:29'),
(288, 58, 3, '2020-04-03 12:31:29', '2020-04-03 12:31:29'),
(289, 58, 4, '2020-04-03 12:31:29', '2020-04-03 12:31:29'),
(290, 58, 5, '2020-04-03 12:31:29', '2020-04-03 12:31:29'),
(291, 59, 1, '2020-04-03 12:31:29', '2020-04-03 12:31:29'),
(292, 59, 2, '2020-04-03 12:31:29', '2020-04-03 12:31:29'),
(293, 59, 3, '2020-04-03 12:31:29', '2020-04-03 12:31:29'),
(294, 59, 4, '2020-04-03 12:31:29', '2020-04-03 12:31:29'),
(295, 59, 5, '2020-04-03 12:31:29', '2020-04-03 12:31:29'),
(296, 60, 1, '2020-04-03 12:31:29', '2020-04-03 12:31:29'),
(297, 60, 2, '2020-04-03 12:31:29', '2020-04-03 12:31:29'),
(298, 60, 3, '2020-04-03 12:31:29', '2020-04-03 12:31:29'),
(299, 60, 4, '2020-04-03 12:31:29', '2020-04-03 12:31:29'),
(300, 60, 5, '2020-04-03 12:31:29', '2020-04-03 12:31:29');

-- --------------------------------------------------------

--
-- Cấu trúc bảng cho bảng `roles`
--

CREATE TABLE `roles` (
  `id` bigint UNSIGNED NOT NULL,
  `name` varchar(255) COLLATE utf8mb4_unicode_ci DEFAULT NULL,
  `created_at` timestamp NULL DEFAULT NULL,
  `updated_at` timestamp NULL DEFAULT NULL
) ENGINE=InnoDB DEFAULT CHARSET=utf8mb4 COLLATE=utf8mb4_unicode_ci;

-- --------------------------------------------------------

--
-- Cấu trúc bảng cho bảng `sizes`
--

CREATE TABLE `sizes` (
  `id` bigint UNSIGNED NOT NULL,
  `size` varchar(255) COLLATE utf8mb4_unicode_ci DEFAULT NULL,
  `created_at` timestamp NULL DEFAULT NULL,
  `updated_at` timestamp NULL DEFAULT NULL
) ENGINE=InnoDB DEFAULT CHARSET=utf8mb4 COLLATE=utf8mb4_unicode_ci;

--
-- Đang đổ dữ liệu cho bảng `sizes`
--

INSERT INTO `sizes` (`id`, `size`, `created_at`, `updated_at`) VALUES
(1, 'S', '2020-04-03 12:22:13', '2020-04-03 12:22:13'),
(2, 'M', '2020-04-03 12:22:13', '2020-04-03 12:22:13'),
(3, 'L', '2020-04-03 12:22:13', '2020-04-03 12:22:13'),
(4, 'XL', '2020-04-03 12:22:13', '2020-04-03 12:22:13'),
(5, 'XXL', '2020-04-03 12:22:13', '2020-04-03 12:22:13');

-- --------------------------------------------------------

--
-- Cấu trúc bảng cho bảng `users`
--

CREATE TABLE `users` (
  `id` bigint UNSIGNED NOT NULL,
  `name` varchar(255) COLLATE utf8mb4_unicode_ci NOT NULL,
  `avatar` varchar(255) COLLATE utf8mb4_unicode_ci DEFAULT NULL,
  `email` varchar(255) COLLATE utf8mb4_unicode_ci NOT NULL,
  `email_verified_at` timestamp NULL DEFAULT NULL,
  `password` varchar(255) COLLATE utf8mb4_unicode_ci NOT NULL,
  `phone` varchar(255) COLLATE utf8mb4_unicode_ci DEFAULT NULL,
  `address` varchar(255) COLLATE utf8mb4_unicode_ci DEFAULT NULL,
  `role_id` tinyint DEFAULT '0',
  `remember_token` varchar(100) COLLATE utf8mb4_unicode_ci DEFAULT NULL,
  `created_at` timestamp NULL DEFAULT NULL,
  `updated_at` timestamp NULL DEFAULT NULL
) ENGINE=InnoDB DEFAULT CHARSET=utf8mb4 COLLATE=utf8mb4_unicode_ci;

--
-- Đang đổ dữ liệu cho bảng `users`
--

INSERT INTO `users` (`id`, `name`, `avatar`, `email`, `email_verified_at`, `password`, `phone`, `address`, `role_id`, `remember_token`, `created_at`, `updated_at`) VALUES
(1, 'Duy Tự', '/images/avatar/avatar5e878288e81aa.jpeg', 'admin@mail.com', NULL, '$2y$10$j5/72CqC9Jz97EEe50rdqOJoRm.58thcC3NRPf2thCysHsVjB6qLK', '0963636837', 'Hà Nội', 0, NULL, '2020-04-03 11:38:01', '2020-04-03 11:38:01');

-- --------------------------------------------------------

--
-- Cấu trúc bảng cho bảng `withlists`
--

CREATE TABLE `withlists` (
  `id` bigint UNSIGNED NOT NULL,
  `user_id` bigint DEFAULT NULL,
  `product_id` bigint DEFAULT NULL,
  `created_at` timestamp NULL DEFAULT NULL,
  `updated_at` timestamp NULL DEFAULT NULL
) ENGINE=InnoDB DEFAULT CHARSET=utf8mb4 COLLATE=utf8mb4_unicode_ci;

--
-- Chỉ mục cho các bảng đã đổ
--

--
-- Chỉ mục cho bảng `categories`
--
ALTER TABLE `categories`
  ADD PRIMARY KEY (`id`);

--
-- Chỉ mục cho bảng `colors`
--
ALTER TABLE `colors`
  ADD PRIMARY KEY (`id`);

--
-- Chỉ mục cho bảng `color_product`
--
ALTER TABLE `color_product`
  ADD PRIMARY KEY (`id`);

--
-- Chỉ mục cho bảng `comments`
--
ALTER TABLE `comments`
  ADD PRIMARY KEY (`id`);

--
-- Chỉ mục cho bảng `failed_jobs`
--
ALTER TABLE `failed_jobs`
  ADD PRIMARY KEY (`id`);

--
-- Chỉ mục cho bảng `images`
--
ALTER TABLE `images`
  ADD PRIMARY KEY (`id`);

--
-- Chỉ mục cho bảng `migrations`
--
ALTER TABLE `migrations`
  ADD PRIMARY KEY (`id`);

--
-- Chỉ mục cho bảng `orders`
--
ALTER TABLE `orders`
  ADD PRIMARY KEY (`id`);

--
-- Chỉ mục cho bảng `order_detail`
--
ALTER TABLE `order_detail`
  ADD PRIMARY KEY (`id`);

--
-- Chỉ mục cho bảng `password_resets`
--
ALTER TABLE `password_resets`
  ADD KEY `password_resets_email_index` (`email`);

--
-- Chỉ mục cho bảng `products`
--
ALTER TABLE `products`
  ADD PRIMARY KEY (`id`);

--
-- Chỉ mục cho bảng `product_size`
--
ALTER TABLE `product_size`
  ADD PRIMARY KEY (`id`);

--
-- Chỉ mục cho bảng `roles`
--
ALTER TABLE `roles`
  ADD PRIMARY KEY (`id`);

--
-- Chỉ mục cho bảng `sizes`
--
ALTER TABLE `sizes`
  ADD PRIMARY KEY (`id`);

--
-- Chỉ mục cho bảng `users`
--
ALTER TABLE `users`
  ADD PRIMARY KEY (`id`),
  ADD UNIQUE KEY `users_email_unique` (`email`);

--
-- Chỉ mục cho bảng `withlists`
--
ALTER TABLE `withlists`
  ADD PRIMARY KEY (`id`);

--
-- AUTO_INCREMENT cho các bảng đã đổ
--

--
-- AUTO_INCREMENT cho bảng `categories`
--
ALTER TABLE `categories`
  MODIFY `id` bigint UNSIGNED NOT NULL AUTO_INCREMENT, AUTO_INCREMENT=25;

--
-- AUTO_INCREMENT cho bảng `colors`
--
ALTER TABLE `colors`
  MODIFY `id` bigint UNSIGNED NOT NULL AUTO_INCREMENT, AUTO_INCREMENT=7;

--
-- AUTO_INCREMENT cho bảng `color_product`
--
ALTER TABLE `color_product`
  MODIFY `id` bigint UNSIGNED NOT NULL AUTO_INCREMENT, AUTO_INCREMENT=361;

--
-- AUTO_INCREMENT cho bảng `comments`
--
ALTER TABLE `comments`
  MODIFY `id` bigint UNSIGNED NOT NULL AUTO_INCREMENT;

--
-- AUTO_INCREMENT cho bảng `failed_jobs`
--
ALTER TABLE `failed_jobs`
  MODIFY `id` bigint UNSIGNED NOT NULL AUTO_INCREMENT;

--
-- AUTO_INCREMENT cho bảng `images`
--
ALTER TABLE `images`
  MODIFY `id` bigint UNSIGNED NOT NULL AUTO_INCREMENT, AUTO_INCREMENT=249;

--
-- AUTO_INCREMENT cho bảng `migrations`
--
ALTER TABLE `migrations`
  MODIFY `id` int UNSIGNED NOT NULL AUTO_INCREMENT, AUTO_INCREMENT=16;

--
-- AUTO_INCREMENT cho bảng `orders`
--
ALTER TABLE `orders`
  MODIFY `id` bigint UNSIGNED NOT NULL AUTO_INCREMENT;

--
-- AUTO_INCREMENT cho bảng `order_detail`
--
ALTER TABLE `order_detail`
  MODIFY `id` bigint UNSIGNED NOT NULL AUTO_INCREMENT;

--
-- AUTO_INCREMENT cho bảng `products`
--
ALTER TABLE `products`
  MODIFY `id` bigint UNSIGNED NOT NULL AUTO_INCREMENT, AUTO_INCREMENT=61;

--
-- AUTO_INCREMENT cho bảng `product_size`
--
ALTER TABLE `product_size`
  MODIFY `id` bigint UNSIGNED NOT NULL AUTO_INCREMENT, AUTO_INCREMENT=301;

--
-- AUTO_INCREMENT cho bảng `roles`
--
ALTER TABLE `roles`
  MODIFY `id` bigint UNSIGNED NOT NULL AUTO_INCREMENT;

--
-- AUTO_INCREMENT cho bảng `sizes`
--
ALTER TABLE `sizes`
  MODIFY `id` bigint UNSIGNED NOT NULL AUTO_INCREMENT, AUTO_INCREMENT=6;

--
-- AUTO_INCREMENT cho bảng `users`
--
ALTER TABLE `users`
  MODIFY `id` bigint UNSIGNED NOT NULL AUTO_INCREMENT, AUTO_INCREMENT=2;

--
-- AUTO_INCREMENT cho bảng `withlists`
--
ALTER TABLE `withlists`
  MODIFY `id` bigint UNSIGNED NOT NULL AUTO_INCREMENT;
COMMIT;

/*!40101 SET CHARACTER_SET_CLIENT=@OLD_CHARACTER_SET_CLIENT */;
/*!40101 SET CHARACTER_SET_RESULTS=@OLD_CHARACTER_SET_RESULTS */;
/*!40101 SET COLLATION_CONNECTION=@OLD_COLLATION_CONNECTION */;
